Date,Daily Return
2004-11-19,0.009013
2004-11-22,0.003796
2004-11-23,-0.004449
2004-11-24,0.006704
2004-11-26,0.005327
2004-11-29,0.002429
2004-11-30,-0.006167
2004-12-01,0.005762
2004-12-02,-0.009476
2004-12-03,0.014460
2004-12-06,-0.009430
2004-12-07,-0.001328
2004-12-08,-0.024385
2004-12-09,-0.005226
2004-12-10,-0.007766
2004-12-13,0.010820
2004-12-14,-0.008199
2004-12-15,0.010103
2004-12-16,-0.007047
2004-12-17,0.011676
2004-12-20,0.003394
2004-12-21,-0.002706
2004-12-22,-0.004523
2004-12-23,0.005679
2004-12-27,0.004744
2004-12-28,-0.002473
2004-12-29,-0.016002
2004-12-30,0.003894
2004-12-31,-0.000685
2005-01-03,-0.017808
2005-01-04,-0.006509
2005-01-05,-0.001638
2005-01-06,-0.012186
2005-01-07,-0.007355
2005-01-10,0.002629
2005-01-11,0.006198
2005-01-12,0.009239
2005-01-13,0.000000
2005-01-14,-0.006573
2005-01-18,0.000000
2005-01-19,-0.001418
2005-01-20,-0.000237
2005-01-21,0.011598
2005-01-24,0.000702
2005-01-25,-0.012392
2005-01-26,0.010653
2005-01-27,-0.001640
2005-01-28,0.001642
2005-01-31,-0.011010
2005-02-01,-0.002842
2005-02-02,0.001425
2005-02-03,-0.011385
2005-02-04,-0.005038
2005-02-07,-0.004823
2005-02-08,-0.000242
2005-02-09,0.001212
2005-02-10,0.010651
2005-02-11,0.007904
2005-02-14,0.011169
2005-02-15,0.000705
2005-02-16,-0.001409
2005-02-17,0.004939
2005-02-18,0.000468
2005-02-22,0.019181
2005-02-23,-0.003443
2005-02-24,-0.002073
2005-02-25,0.003923
2005-02-28,0.000690
2005-03-01,-0.007121
2005-03-02,0.000694
2005-03-03,-0.006474
2005-03-04,0.009542
2005-03-07,0.002075
2005-03-08,0.012882
2005-03-09,-0.000227
2005-03-10,0.004089
2005-03-11,0.005204
2005-03-14,-0.009003
2005-03-15,0.000681
2005-03-16,0.005674
2005-03-17,-0.011058
2005-03-18,0.001597
2005-03-21,-0.018227
2005-03-22,-0.010211
2005-03-23,-0.005393
2005-03-24,-0.000707
2005-03-28,0.003539
2005-03-29,0.000470
2005-03-30,0.001175
2005-03-31,0.004928
2005-04-01,-0.004671
2005-04-04,-0.005162
2005-04-05,0.001179
2005-04-06,0.004240
2005-04-07,-0.001407
2005-04-08,0.002819
2005-04-11,0.002108
2005-04-12,0.001403
2005-04-13,0.001401
2005-04-14,-0.013753
2005-04-15,0.002127
2005-04-18,0.006840
2005-04-19,0.013821
2005-04-20,0.002773
2005-04-21,-0.004839
2005-04-22,0.004631
2005-04-25,0.001152
2005-04-26,0.004604
2005-04-27,-0.010082
2005-04-28,-0.004630
2005-04-29,0.008139
2005-05-02,-0.010842
2005-05-03,-0.002799
2005-05-04,0.003274
2005-05-05,0.000233
2005-05-06,-0.009089
2005-05-09,0.000706
2005-05-10,0.002115
2005-05-11,0.001173
2005-05-12,-0.012415
2005-05-13,-0.004981
2005-05-16,-0.001669
2005-05-17,-0.000478
2005-05-18,0.004539
2005-05-19,-0.001665
2005-05-20,-0.007861
2005-05-23,-0.000720
2005-05-24,0.002643
2005-05-25,0.003355
2005-05-26,-0.004299
2005-05-27,0.004557
2005-05-31,-0.005492
2005-06-01,-0.002881
2005-06-02,0.013725
2005-06-03,0.001663
2005-06-06,0.007351
2005-06-07,-0.002354
2005-06-08,-0.000944
2005-06-09,-0.001653
2005-06-10,0.008280
2005-06-13,0.003754
2005-06-14,-0.004208
2005-06-15,0.003286
2005-06-16,0.016846
2005-06-17,0.003912
2005-06-20,0.000688
2005-06-21,0.003436
2005-06-22,-0.002054
2005-06-23,0.006862
2005-06-24,-0.002726
2005-06-27,0.000228
2005-06-28,-0.010476
2005-06-29,0.004143
2005-06-30,-0.004355
2005-07-01,-0.017035
2005-07-05,-0.009836
2005-07-06,-0.000710
2005-07-07,0.002604
2005-07-08,-0.002361
2005-07-11,0.006626
2005-07-12,0.002351
2005-07-13,-0.006801
2005-07-14,-0.010626
2005-07-15,0.003580
2005-07-18,-0.000951
2005-07-19,-0.002856
2005-07-20,0.007400
2005-07-21,0.006161
2005-07-22,-0.000235
2005-07-25,0.001413
2005-07-26,-0.006116
2005-07-27,0.004497
2005-07-28,0.007304
2005-07-29,0.001637
2005-08-01,0.007240
2005-08-02,0.000232
2005-08-03,0.009040
2005-08-04,0.003446
2005-08-05,-0.001832
2005-08-08,-0.005734
2005-08-09,-0.000231
2005-08-10,0.007153
2005-08-11,0.018328
2005-08-12,0.000900
2005-08-15,-0.008092
2005-08-16,0.009517
2005-08-17,-0.014366
2005-08-18,-0.001822
2005-08-19,-0.005248
2005-08-22,0.002294
2005-08-23,0.001373
2005-08-24,-0.003885
2005-08-25,0.003212
2005-08-26,-0.002744
2005-08-29,-0.000917
2005-08-30,-0.012853
2005-08-31,0.009068
2005-09-01,0.018894
2005-09-02,0.000678
2005-09-06,0.000452
2005-09-07,0.001355
2005-09-08,0.006091
2005-09-09,0.005381
2005-09-12,0.001115
2005-09-13,-0.007351
2005-09-14,0.008977
2005-09-15,0.010231
2005-09-16,0.008807
2005-09-19,0.009385
2005-09-20,-0.000432
2005-09-21,0.017954
2005-09-22,-0.014875
2005-09-23,-0.001726
2005-09-26,0.006266
2005-09-27,-0.006871
2005-09-28,0.011892
2005-09-29,0.006410
2005-09-30,-0.008493
2005-10-03,-0.005996
2005-10-04,0.000646
2005-10-05,-0.001938
2005-10-06,0.018335
2005-10-07,0.003177
2005-10-10,0.000211
2005-10-11,0.000422
2005-10-12,-0.011395
2005-10-13,0.003629
2005-10-14,-0.004679
2005-10-17,0.009829
2005-10-18,-0.005501
2005-10-19,-0.014043
2005-10-20,-0.007769
2005-10-21,0.011744
2005-10-24,-0.002795
2005-10-25,0.014443
2005-10-26,-0.002762
2005-10-27,0.005327
2005-10-28,0.000848
2005-10-31,-0.017366
2005-11-01,-0.014440
2005-11-02,0.008747
2005-11-03,-0.003685
2005-11-04,-0.009791
2005-11-07,0.005713
2005-11-08,0.003059
2005-11-09,0.014158
2005-11-10,-0.001718
2005-11-11,0.006885
2005-11-14,-0.003846
2005-11-15,0.000858
2005-11-16,0.024003
2005-11-17,0.014651
2005-11-18,-0.000413
2005-11-21,0.010937
2005-11-22,0.006736
2005-11-23,-0.003447
2005-11-25,0.005493
2005-11-28,0.006475
2005-11-29,0.001206
2005-11-30,-0.014056
2005-12-01,0.021792
2005-12-02,0.002990
2005-12-05,0.009141
2005-12-06,0.002166
2005-12-07,0.008450
2005-12-08,0.011302
2005-12-09,0.009634
2005-12-12,0.003053
2005-12-13,-0.017314
2005-12-14,-0.025169
2005-12-15,-0.002185
2005-12-16,-0.002986
2005-12-19,0.002595
2005-12-20,-0.023497
2005-12-21,0.006729
2005-12-22,0.015597
2005-12-23,-0.000399
2005-12-27,0.010375
2005-12-28,0.016390
2005-12-29,0.000000
2005-12-30,0.002137
2006-01-03,0.029856
2006-01-04,0.003389
2006-01-05,-0.018011
2006-01-06,0.026366
2006-01-09,0.016381
2006-01-10,-0.009890
2006-01-11,0.008694
2006-01-12,-0.001834
2006-01-13,0.018556
2006-01-17,-0.003247
2006-01-18,-0.021535
2006-01-19,0.028112
2006-01-20,-0.007016
2006-01-23,0.010326
2006-01-24,-0.000717
2006-01-25,0.007357
2006-01-26,-0.004631
2006-01-27,-0.004474
2006-01-30,0.018875
2006-01-31,0.000353
2006-02-01,0.000000
2006-02-02,0.004938
2006-02-03,-0.008424
2006-02-06,0.003894
2006-02-07,-0.037377
2006-02-08,0.004213
2006-02-09,0.024622
2006-02-10,-0.024742
2006-02-13,-0.019529
2006-02-14,0.014334
2006-02-15,-0.013397
2006-02-16,0.014137
2006-02-17,0.008070
2006-02-21,0.002911
2006-02-22,0.003991
2006-02-23,-0.012649
2006-02-24,0.018302
2006-02-27,-0.007548
2006-02-28,0.015393
2006-03-01,0.000535
2006-03-02,0.011408
2006-03-03,-0.008107
2006-03-06,-0.018657
2006-03-07,-0.005070
2006-03-08,-0.017834
2006-03-09,0.005003
2006-03-10,-0.007559
2006-03-13,0.008917
2006-03-14,0.010311
2006-03-15,0.004556
2006-03-16,0.003991
2006-03-17,-0.003975
2006-03-20,0.000907
2006-03-21,-0.006163
2006-03-22,-0.001459
2006-03-23,-0.000913
2006-03-24,0.018464
2006-03-27,0.012206
2006-03-28,-0.005852
2006-03-29,0.018016
2006-03-30,0.026809
2006-03-31,-0.008532
2006-04-03,0.006368
2006-04-04,-0.002394
2006-04-05,0.005657
2006-04-06,0.010569
2006-04-07,-0.011640
2006-04-10,0.017238
2006-04-11,-0.009899
2006-04-12,0.007117
2006-04-13,0.001178
2006-04-17,0.026723
2006-04-18,0.012441
2006-04-19,0.030720
2006-04-20,-0.043765
2006-04-21,0.036745
2006-04-24,-0.024525
2006-04-25,0.018329
2006-04-26,0.013858
2006-04-27,-0.010841
2006-04-28,0.033831
2006-05-01,0.001076
2006-05-02,0.021332
2006-05-03,-0.001352
2006-05-04,0.015348
2006-05-05,0.007558
2006-05-08,-0.006324
2006-05-09,0.031380
2006-05-10,0.010046
2006-05-11,0.009236
2006-05-12,0.001267
2006-05-15,-0.052165
2006-05-16,0.017801
2006-05-17,-0.006705
2006-05-18,-0.010125
2006-05-19,-0.027868
2006-05-22,-0.004270
2006-05-23,0.016539
2006-05-24,-0.034950
2006-05-25,0.009991
2006-05-26,0.006182
2006-05-30,0.000154
2006-05-31,-0.013516
2006-06-01,-0.026000
2006-06-02,0.015026
2006-06-05,-0.003307
2006-06-06,-0.011692
2006-06-07,-0.004317
2006-06-08,-0.021997
2006-06-09,-0.007552
2006-06-12,-0.006948
2006-06-13,-0.068466
2006-06-14,-0.005365
2006-06-15,0.030565
2006-06-16,0.006281
2006-06-19,-0.022885
2006-06-20,0.016678
2006-06-21,0.017976
2006-06-22,-0.010286
2006-06-23,0.004504
2006-06-26,0.005001
2006-06-27,-0.010295
2006-06-28,-0.002427
2006-06-29,0.034411
2006-06-30,0.028730
2006-07-03,0.015515
2006-07-05,0.005146
2006-07-06,0.008320
2006-07-07,-0.006188
2006-07-10,-0.009740
2006-07-11,0.028862
2006-07-12,0.017395
2006-07-13,0.009704
2006-07-14,0.004577
2006-07-17,-0.028853
2006-07-18,-0.016419
2006-07-19,0.017965
2006-07-20,-0.023270
2006-07-21,-0.013272
2006-07-24,-0.009237
2006-07-25,0.006706
2006-07-26,0.007311
2006-07-27,0.014516
2006-07-28,0.003339
2006-07-31,0.000792
2006-08-01,0.018366
2006-08-02,0.006685
2006-08-03,-0.009730
2006-08-04,0.002495
2006-08-07,0.003423
2006-08-08,-0.008217
2006-08-09,0.010317
2006-08-10,-0.021352
2006-08-11,-0.008538
2006-08-14,-0.007335
2006-08-15,-0.003855
2006-08-16,0.007741
2006-08-17,-0.023364
2006-08-18,0.000164
2006-08-21,0.022936
2006-08-22,-0.006246
2006-08-23,-0.003545
2006-08-24,-0.001294
2006-08-25,0.000324
2006-08-28,-0.012466
2006-08-29,-0.000984
2006-08-30,0.007877
2006-08-31,0.014165
2006-09-01,-0.002408
2006-09-05,0.019633
2006-09-06,-0.007891
2006-09-07,-0.025612
2006-09-08,-0.009959
2006-09-11,-0.035290
2006-09-12,-0.003077
2006-09-13,0.005144
2006-09-14,-0.024394
2006-09-15,0.003672
2006-09-18,0.014460
2006-09-19,-0.022497
2006-09-20,0.005973
2006-09-21,0.012050
2006-09-22,0.009491
2006-09-25,0.000000
2006-09-26,0.004103
2006-09-27,0.018216
2006-09-28,-0.000334
2006-09-29,-0.005352
2006-10-02,-0.005381
2006-10-03,-0.034489
2006-10-04,-0.012957
2006-10-05,0.009757
2006-10-06,0.001230
2006-10-09,0.003685
2006-10-10,-0.003497
2006-10-11,-0.002105
2006-10-12,0.010724
2006-10-13,0.018786
2006-10-16,0.010244
2006-10-17,-0.008788
2006-10-18,-0.001023
2006-10-19,0.013996
2006-10-20,-0.010604
2006-10-23,-0.017353
2006-10-24,0.007098
2006-10-25,0.010143
2006-10-26,0.009020
2006-10-27,0.001855
2006-10-30,0.008418
2006-10-31,0.005676
2006-11-01,0.018592
2006-11-02,0.009126
2006-11-03,0.006137
2006-11-06,-0.006581
2006-11-07,0.002424
2006-11-08,-0.014990
2006-11-09,0.030110
2006-11-10,-0.007307
2006-11-13,-0.004801
2006-11-14,-0.009005
2006-11-15,0.003407
2006-11-16,-0.008570
2006-11-17,0.007666
2006-11-20,-0.000162
2006-11-21,0.008095
2006-11-22,0.003694
2006-11-24,0.016000
2006-11-27,0.003150
2006-11-28,-0.002041
2006-11-29,-0.006450
2006-11-30,0.019474
2006-12-01,-0.004193
2006-12-04,0.000000
2006-12-05,-0.004835
2006-12-06,-0.017552
2006-12-07,0.000638
2006-12-08,-0.010840
2006-12-11,0.008380
2006-12-12,-0.000799
2006-12-13,-0.000640
2006-12-14,-0.005762
2006-12-15,-0.018030
2006-12-18,0.000656
2006-12-19,0.012451
2006-12-20,-0.002913
2006-12-21,-0.003895
2006-12-22,0.004399
2006-12-26,0.005353
2006-12-27,0.003872
2006-12-28,0.010929
2006-12-29,0.004928
2007-01-03,-0.014713
2007-01-04,-0.010116
2007-01-05,-0.024007
2007-01-08,0.005152
2007-01-09,0.006118
2007-01-10,-0.004273
2007-01-11,0.000660
2007-01-12,0.025400
2007-01-16,-0.003217
2007-01-17,0.010812
2007-01-18,-0.006066
2007-01-19,0.011886
2007-01-22,-0.004444
2007-01-23,0.024075
2007-01-24,0.001557
2007-01-25,-0.004197
2007-01-26,0.001717
2007-01-29,-0.006233
2007-01-30,0.007057
2007-01-31,0.009499
2007-02-01,0.006016
2007-02-02,-0.014413
2007-02-05,0.000467
2007-02-06,0.007464
2007-02-07,-0.002470
2007-02-08,0.013771
2007-02-09,0.009158
2007-02-12,-0.006806
2007-02-13,0.002589
2007-02-14,0.008050
2007-02-15,0.000603
2007-02-16,-0.000753
2007-02-20,-0.015823
2007-02-21,0.031236
2007-02-22,-0.002970
2007-02-23,0.008488
2007-02-26,0.005611
2007-02-27,-0.039501
2007-02-28,0.016358
2007-03-01,-0.009928
2007-03-02,-0.032057
2007-03-05,-0.012243
2007-03-06,0.019387
2007-03-07,0.002338
2007-03-08,0.002799
2007-03-09,-0.003567
2007-03-12,0.001868
2007-03-13,-0.010098
2007-03-14,0.003453
2007-03-15,0.000626
2007-03-16,0.010003
2007-03-19,0.001857
2007-03-20,0.008187
2007-03-21,0.008427
2007-03-22,-0.000912
2007-03-23,-0.009276
2007-03-26,0.010591
2007-03-27,-0.002126
2007-03-28,0.005327
2007-03-29,-0.006056
2007-03-30,0.001371
2007-04-02,0.001673
2007-04-03,-0.000304
2007-04-04,0.014887
2007-04-05,0.000748
2007-04-09,-0.004936
2007-04-10,0.009469
2007-04-11,-0.001191
2007-04-12,-0.001342
2007-04-13,0.012688
2007-04-16,0.008255
2007-04-17,-0.005848
2007-04-18,0.005588
2007-04-19,-0.012431
2007-04-20,0.017326
2007-04-23,-0.006405
2007-04-24,-0.007764
2007-04-25,0.002362
2007-04-26,-0.015024
2007-04-27,0.010318
2007-04-30,-0.006957
2007-05-01,-0.005962
2007-05-02,-0.000450
2007-05-03,0.012451
2007-05-04,0.010372
2007-05-07,0.000880
2007-05-08,-0.005421
2007-05-09,-0.006335
2007-05-10,-0.021497
2007-05-11,0.006818
2007-05-14,-0.002558
2007-05-15,0.003923
2007-05-16,-0.014127
2007-05-17,-0.008232
2007-05-18,0.007070
2007-05-21,0.002289
2007-05-22,-0.007157
2007-05-23,0.005215
2007-05-24,-0.012054
2007-05-25,0.002934
2007-05-29,0.002002
2007-05-30,-0.005379
2007-05-31,0.012670
2007-06-01,0.013732
2007-06-04,0.001505
2007-06-05,-0.002555
2007-06-06,0.000603
2007-06-07,-0.017317
2007-06-08,-0.015936
2007-06-11,0.007474
2007-06-12,-0.009274
2007-06-13,0.006708
2007-06-14,0.001085
2007-06-15,0.003870
2007-06-18,0.001542
2007-06-19,0.008160
2007-06-20,-0.011759
2007-06-21,-0.002318
2007-06-22,0.003408
2007-06-25,-0.005403
2007-06-26,-0.012572
2007-06-27,0.000786
2007-06-28,0.009267
2007-06-29,0.000156
2007-07-02,0.011670
2007-07-03,-0.004306
2007-07-05,-0.004943
2007-07-06,0.008383
2007-07-09,0.006465
2007-07-10,0.003518
2007-07-11,-0.002591
2007-07-12,0.008863
2007-07-13,0.000151
2007-07-16,-0.003180
2007-07-17,-0.001064
2007-07-18,0.013232
2007-07-19,0.005854
2007-07-20,0.008506
2007-07-23,-0.001628
2007-07-24,0.000000
2007-07-25,-0.008448
2007-07-26,-0.018685
2007-07-27,-0.003656
2007-07-30,0.005504
2007-07-31,0.000304
2007-08-01,0.002128
2007-08-02,-0.000607
2007-08-03,0.012141
2007-08-06,-0.002549
2007-08-07,-0.000601
2007-08-08,0.004362
2007-08-09,-0.019620
2007-08-10,0.016957
2007-08-13,-0.004657
2007-08-14,0.000453
2007-08-15,-0.002414
2007-08-16,-0.021926
2007-08-17,0.005102
2007-08-20,0.001692
2007-08-21,-0.000768
2007-08-22,0.005071
2007-08-23,-0.001376
2007-08-24,0.012249
2007-08-27,-0.001966
2007-08-28,-0.005911
2007-08-29,0.007318
2007-08-30,-0.004087
2007-08-31,0.010942
2007-09-04,0.013831
2007-09-05,0.001779
2007-09-06,0.019242
2007-09-07,0.007697
2007-09-10,0.003315
2007-09-11,0.012927
2007-09-12,-0.000851
2007-09-13,-0.005393
2007-09-14,-0.001284
2007-09-17,0.014002
2007-09-18,0.010286
2007-09-19,-0.003766
2007-09-20,0.018060
2007-09-21,-0.005226
2007-09-24,-0.000829
2007-09-25,0.000692
2007-09-26,-0.004562
2007-09-27,0.009722
2007-09-28,0.011142
2007-10-01,0.005305
2007-10-02,-0.020974
2007-10-03,-0.006220
2007-10-04,0.013491
2007-10-05,0.007273
2007-10-08,-0.011853
2007-10-09,0.007721
2007-10-10,0.003694
2007-10-11,0.007497
2007-10-12,0.009200
2007-10-15,0.007374
2007-10-16,-0.000266
2007-10-17,-0.008254
2007-10-18,0.020134
2007-10-19,-0.003947
2007-10-22,-0.014531
2007-10-23,0.008445
2007-10-24,0.003855
2007-10-25,0.006753
2007-10-26,0.021834
2007-10-29,0.005535
2007-10-30,-0.009857
2007-10-31,0.016419
2007-11-01,-0.008776
2007-11-02,0.024381
2007-11-05,-0.001002
2007-11-06,0.021066
2007-11-07,0.009947
2007-11-08,-0.000122
2007-11-09,-0.000608
2007-11-12,-0.047213
2007-11-13,0.010473
2007-11-14,0.014661
2007-11-15,-0.029023
2007-11-16,-0.002566
2007-11-19,-0.006560
2007-11-20,0.028871
2007-11-21,-0.001384
2007-11-23,0.023816
2007-11-26,0.000615
2007-11-27,-0.014760
2007-11-28,-0.006617
2007-11-29,-0.016212
2007-11-30,-0.012264
2007-12-03,0.012416
2007-12-04,0.014308
2007-12-05,-0.009698
2007-12-06,0.009411
2007-12-07,-0.009701
2007-12-10,0.017812
2007-12-11,-0.014500
2007-12-12,0.020928
2007-12-13,-0.024724
2007-12-14,0.000255
2007-12-17,-0.004967
2007-12-18,0.014335
2007-12-19,-0.000126
2007-12-20,-0.007193
2007-12-21,0.018177
2007-12-24,0.000499
2007-12-26,0.017220
2007-12-27,0.000491
2007-12-28,0.017656
2007-12-31,-0.006506
2008-01-02,0.029105
2008-01-03,0.008367
2008-01-04,-0.005142
2008-01-07,-0.004229
2008-01-08,0.023711
2008-01-09,-0.002650
2008-01-10,0.019642
2008-01-11,0.003739
2008-01-14,0.010838
2008-01-15,-0.017311
2008-01-16,-0.014661
2008-01-17,-0.002307
2008-01-18,0.010636
2008-01-22,0.008579
2008-01-23,-0.003176
2008-01-24,0.024918
2008-01-25,0.002442
2008-01-28,0.016058
2008-01-29,-0.006539
2008-01-30,0.009983
2008-01-31,-0.007169
2008-02-01,-0.022429
2008-02-04,-0.002798
2008-02-05,-0.015937
2008-02-06,0.014484
2008-02-07,0.010118
2008-02-08,0.012799
2008-02-11,0.003626
2008-02-12,-0.021899
2008-02-13,0.001231
2008-02-14,0.003019
2008-02-15,-0.006242
2008-02-19,0.027257
2008-02-20,0.018126
2008-02-21,0.000107
2008-02-22,0.001501
2008-02-25,-0.006960
2008-02-26,0.010459
2008-02-27,0.011418
2008-02-28,0.012766
2008-02-29,0.001979
2008-03-03,0.011021
2008-03-04,-0.021185
2008-03-05,0.026686
2008-03-06,-0.012485
2008-03-07,-0.004249
2008-03-10,-0.002289
2008-03-11,0.001252
2008-03-12,0.010626
2008-03-13,0.013710
2008-03-14,0.003762
2008-03-17,0.004660
2008-03-18,-0.026923
2008-03-19,-0.035855
2008-03-20,-0.033641
2008-03-24,0.002113
2008-03-25,0.029190
2008-03-26,0.011539
2008-03-27,-0.003625
2008-03-28,-0.016906
2008-03-31,-0.015999
2008-04-01,-0.039266
2008-04-02,0.027746
2008-04-03,0.001680
2008-04-04,0.009282
2008-04-07,0.010194
2008-04-08,-0.008994
2008-04-09,0.021472
2008-04-10,-0.005634
2008-04-11,-0.005121
2008-04-14,-0.002081
2008-04-15,0.006037
2008-04-16,0.017565
2008-04-17,-0.007612
2008-04-18,-0.020959
2008-04-21,-0.004083
2008-04-22,0.000222
2008-04-23,-0.011632
2008-04-24,-0.022416
2008-04-25,0.000573
2008-04-28,0.004813
2008-04-29,-0.021439
2008-04-30,0.009789
2008-05-01,-0.030698
2008-05-02,0.007025
2008-05-05,0.019981
2008-05-06,0.004173
2008-05-07,-0.009350
2008-05-08,0.016546
2008-05-09,0.002063
2008-05-12,-0.004919
2008-05-13,-0.018393
2008-05-14,-0.002225
2008-05-15,0.021127
2008-05-16,0.024138
2008-05-19,0.003255
2008-05-20,0.016892
2008-05-21,0.011661
2008-05-22,-0.010657
2008-05-23,0.002748
2008-05-27,-0.020498
2008-05-28,-0.002462
2008-05-29,-0.029504
2008-05-30,0.010866
2008-06-02,0.005832
2008-06-03,-0.012278
2008-06-04,-0.002647
2008-06-05,-0.002308
2008-06-06,0.030191
2008-06-09,-0.012014
2008-06-10,-0.027730
2008-06-11,0.017183
2008-06-12,-0.016318
2008-06-13,0.002687
2008-06-16,0.013748
2008-06-17,0.002758
2008-06-18,0.011805
2008-06-19,0.001586
2008-06-20,0.005994
2008-06-23,-0.020911
2008-06-24,0.004363
2008-06-25,-0.000572
2008-06-26,0.036491
2008-06-27,0.009491
2008-06-30,-0.000765
2008-07-01,0.013786
2008-07-02,0.005504
2008-07-03,-0.011914
2008-07-07,-0.009016
2008-07-08,-0.004056
2008-07-09,0.007044
2008-07-10,0.022186
2008-07-11,0.017428
2008-07-14,0.007881
2008-07-15,0.002711
2008-07-16,-0.017989
2008-07-17,-0.002330
2008-07-18,-0.000531
2008-07-21,0.010088
2008-07-22,-0.021657
2008-07-23,-0.026757
2008-07-24,0.008391
2008-07-25,0.003942
2008-07-28,0.000436
2008-07-29,-0.012428
2008-07-30,-0.011811
2008-07-31,0.006256
2008-08-01,-0.005662
2008-08-04,-0.015965
2008-08-05,-0.023372
2008-08-06,0.006506
2008-08-07,-0.006348
2008-08-08,-0.019282
2008-08-11,-0.039086
2008-08-12,-0.007519
2008-08-13,0.012916
2008-08-14,-0.027097
2008-08-15,-0.021676
2008-08-18,0.015072
2008-08-19,0.020685
2008-08-20,-0.004600
2008-08-21,0.027979
2008-08-22,-0.014824
2008-08-25,-0.001850
2008-08-26,0.003707
2008-08-27,0.001600
2008-08-28,0.010079
2008-08-29,-0.005719
2008-09-02,-0.030718
2008-09-03,-0.003914
2008-09-04,-0.006338
2008-09-05,0.007527
2008-09-08,-0.001519
2008-09-09,-0.030053
2008-09-10,-0.029677
2008-09-11,-0.015360
2008-09-12,0.033799
2008-09-15,0.026605
2008-09-16,-0.009928
2008-09-17,0.112905
2008-09-18,-0.031126
2008-09-19,0.038406
2008-09-22,0.037218
2008-09-23,-0.009643
2008-09-24,-0.018229
2008-09-25,-0.002999
2008-09-26,0.002198
2008-09-29,0.033818
2008-09-30,-0.050240
2008-10-01,0.010580
2008-10-02,-0.042340
2008-10-03,0.003158
2008-10-06,0.020463
2008-10-07,0.035477
2008-10-08,0.024636
2008-10-09,0.005368
2008-10-10,-0.074305
2008-10-13,-0.014780
2008-10-14,0.002561
2008-10-15,0.013504
2008-10-16,-0.048253
2008-10-17,-0.026233
2008-10-20,0.016708
2008-10-21,-0.031465
2008-10-22,-0.056820
2008-10-23,-0.014782
2008-10-24,0.022081
2008-10-27,-0.000415
2008-10-28,0.022305
2008-10-29,0.002846
2008-10-30,-0.017432
2008-10-31,-0.018842
2008-11-03,-0.003364
2008-11-04,0.061603
2008-11-05,-0.035506
2008-11-06,-0.007967
2008-11-07,0.003877
2008-11-10,0.014897
2008-11-11,-0.020794
2008-11-12,-0.028453
2008-11-13,0.030714
2008-11-14,0.015939
2008-11-17,-0.008868
2008-11-18,-0.001927
2008-11-19,-0.003448
2008-11-20,0.016468
2008-11-21,0.073519
2008-11-24,0.026126
2008-11-25,-0.000494
2008-11-26,-0.006059
2008-11-28,-0.000871
2008-12-01,-0.058025
2008-12-02,0.017184
2008-12-03,-0.010006
2008-12-04,-0.008926
2008-12-05,-0.012980
2008-12-08,0.022544
2008-12-09,0.001706
2008-12-10,0.044805
2008-12-11,0.011285
2008-12-12,0.001984
2008-12-15,0.022151
2008-12-16,0.022518
2008-12-17,0.011485
2008-12-18,-0.018261
2008-12-19,-0.014785
2008-12-22,0.010045
2008-12-23,-0.009945
2008-12-24,0.010045
2008-12-26,0.025641
2008-12-29,0.008762
2008-12-30,-0.005211
2008-12-31,0.007218
2009-01-02,-0.003352
2009-01-05,-0.020295
2009-01-06,0.007694
2009-01-07,-0.027957
2009-01-08,0.020665
2009-01-09,-0.006394
2009-01-12,-0.037655
2009-01-13,0.001486
2009-01-14,-0.013477
2009-01-15,0.007520
2009-01-16,0.028859
2009-01-20,0.021884
2009-01-21,-0.004378
2009-01-22,0.005110
2009-01-23,0.046701
2009-01-26,0.004744
2009-01-27,-0.006408
2009-01-28,-0.010862
2009-01-29,0.023793
2009-01-30,0.020223
2009-02-02,-0.027051
2009-02-03,-0.004165
2009-02-04,0.008025
2009-02-05,0.010541
2009-02-06,-0.005881
2009-02-09,-0.014176
2009-02-10,0.021399
2009-02-11,0.023057
2009-02-12,0.009535
2009-02-13,-0.006654
2009-02-17,0.031334
2009-02-18,0.015296
2009-02-19,-0.011764
2009-02-20,0.021197
2009-02-23,-0.000716
2009-02-24,-0.030697
2009-02-25,-0.016679
2009-02-26,-0.000966
2009-02-27,-0.004621
2009-03-02,-0.018353
2009-03-03,-0.009788
2009-03-04,-0.011662
2009-03-05,0.033712
2009-03-06,0.003261
2009-03-09,-0.018637
2009-03-10,-0.026830
2009-03-11,0.012253
2009-03-12,0.021071
2009-03-13,0.002195
2009-03-16,-0.005476
2009-03-17,-0.008370
2009-03-18,0.033874
2009-03-19,0.013535
2009-03-20,-0.008055
2009-03-23,-0.016134
2009-03-24,-0.012272
2009-03-25,0.011325
2009-03-26,-0.000544
2009-03-27,-0.013489
2009-03-30,-0.007829
2009-03-31,0.003334
2009-04-01,0.008307
2009-04-02,-0.024497
2009-04-03,-0.013626
2009-04-06,-0.026487
2009-04-07,0.017239
2009-04-08,-0.001499
2009-04-09,-0.003464
2009-04-13,0.018190
2009-04-14,-0.005803
2009-04-15,0.001488
2009-04-16,-0.019314
2009-04-17,-0.006876
2009-04-20,0.020300
2009-04-21,-0.000690
2009-04-22,0.005639
2009-04-23,0.016251
2009-04-24,0.010360
2009-04-27,-0.007913
2009-04-28,-0.014156
2009-04-29,0.006610
2009-04-30,-0.012001
2009-05-01,-0.003667
2009-05-04,0.019436
2009-05-05,-0.004400
2009-05-06,0.014618
2009-05-07,-0.001117
2009-05-08,0.006038
2009-05-11,-0.003223
2009-05-12,0.011261
2009-05-13,0.004300
2009-05-14,-0.000659
2009-05-15,0.005712
2009-05-18,-0.012998
2009-05-19,0.006640
2009-05-20,0.014182
2009-05-21,0.017344
2009-05-22,0.003197
2009-05-26,-0.004142
2009-05-27,-0.003306
2009-05-28,0.008454
2009-05-29,0.020798
2009-06-01,-0.004886
2009-06-02,0.006581
2009-06-03,-0.020237
2009-06-04,0.019278
2009-06-05,-0.026187
2009-06-08,-0.001601
2009-06-09,0.002886
2009-06-10,0.000320
2009-06-11,-0.001705
2009-06-12,-0.016329
2009-06-15,-0.011609
2009-06-16,0.009111
2009-06-17,0.004569
2009-06-18,-0.008013
2009-06-19,0.003166
2009-06-22,-0.014799
2009-06-23,0.004197
2009-06-24,0.005829
2009-06-25,0.009404
2009-06-26,-0.000217
2009-06-29,-0.002709
2009-06-30,-0.009344
2009-07-01,0.013270
2009-07-02,-0.012339
2009-07-06,-0.005370
2009-07-07,-0.000551
2009-07-08,-0.015875
2009-07-09,0.002689
2009-07-10,0.000782
2009-07-13,0.006810
2009-07-14,0.006874
2009-07-15,0.015747
2009-07-16,-0.002819
2009-07-17,-0.000544
2009-07-20,0.014685
2009-07-21,-0.001608
2009-07-22,0.003329
2009-07-23,-0.001926
2009-07-24,0.001608
2009-07-27,0.003212
2009-07-28,-0.017074
2009-07-29,-0.009880
2009-07-30,0.004605
2009-07-31,0.018882
2009-08-03,0.005570
2009-08-04,0.008629
2009-08-05,0.001056
2009-08-06,-0.001899
2009-08-07,-0.008985
2009-08-10,-0.008747
2009-08-11,-0.001506
2009-08-12,0.001724
2009-08-13,0.008284
2009-08-14,-0.007682
2009-08-17,-0.014946
2009-08-18,0.004912
2009-08-19,0.005105
2009-08-20,-0.002810
2009-08-21,0.014956
2009-08-24,-0.013988
2009-08-25,0.004548
2009-08-26,0.000323
2009-08-27,0.004311
2009-08-28,0.007297
2009-08-31,-0.005007
2009-09-01,0.005353
2009-09-02,0.024388
2009-09-03,0.013203
2009-09-04,0.000718
2009-09-08,-0.001025
2009-09-09,-0.003592
2009-09-10,0.006386
2009-09-11,0.011054
2009-09-14,-0.008301
2009-09-15,0.009596
2009-09-16,0.010212
2009-09-17,-0.005705
2009-09-18,-0.006744
2009-09-21,-0.003142
2009-09-22,0.013318
2009-09-23,-0.008428
2009-09-24,-0.012952
2009-09-25,-0.005638
2009-09-28,0.000515
2009-09-29,0.003915
2009-09-30,0.014575
2009-10-01,-0.009712
2009-10-02,0.004904
2009-10-05,0.014740
2009-10-06,0.024644
2009-10-07,0.000782
2009-10-08,0.012505
2009-10-09,-0.007719
2009-10-12,0.007001
2009-10-13,0.006759
2009-10-14,-0.000767
2009-10-15,-0.012670
2009-10-16,0.003111
2009-10-19,0.010176
2009-10-20,-0.007771
2009-10-21,0.003191
2009-10-22,0.001639
2009-10-23,-0.004138
2009-10-26,-0.015750
2009-10-27,-0.000098
2009-10-28,-0.010997
2009-10-29,0.019458
2009-10-30,-0.001558
2009-11-02,0.013850
2009-11-03,0.024146
2009-11-04,0.006012
2009-11-05,-0.001120
2009-11-06,0.004206
2009-11-09,0.007074
2009-11-10,0.001849
2009-11-11,0.011163
2009-11-12,-0.012682
2009-11-13,0.014139
2009-11-16,0.017223
2009-11-17,0.003046
2009-11-18,0.002501
2009-11-19,0.000445
2009-11-20,0.005699
2009-11-23,0.011953
2009-11-24,0.003850
2009-11-25,0.016473
2009-11-27,-0.013377
2009-11-30,0.005041
2009-12-01,0.015047
2009-12-02,0.015335
2009-12-03,-0.004028
2009-12-04,-0.041702
2009-12-07,-0.005626
2009-12-08,-0.019096
2009-12-09,-0.000991
2009-12-10,-0.000180
2009-12-11,-0.013535
2009-12-14,0.008416
2009-12-15,-0.000272
2009-12-16,0.012522
2009-12-17,-0.038086
2009-12-18,0.014999
2009-12-21,-0.018357
2009-12-22,-0.007293
2009-12-23,0.003579
2009-12-24,0.016987
2009-12-28,0.001753
2009-12-29,-0.009949
2009-12-30,-0.005025
2009-12-31,0.003554
2010-01-04,0.023204
2010-01-05,-0.000911
2010-01-06,0.016500
2010-01-07,-0.006188
2010-01-08,0.004963
2010-01-11,0.013289
2010-01-12,-0.020913
2010-01-13,0.009503
2010-01-14,0.004393
2010-01-15,-0.010444
2010-01-19,0.005953
2010-01-20,-0.023135
2010-01-21,-0.014412
2010-01-22,-0.001863
2010-01-25,0.002893
2010-01-26,0.000744
2010-01-27,-0.009576
2010-01-28,-0.000469
2010-01-29,-0.004884
2010-02-01,0.022556
2010-02-02,0.007199
2010-02-03,-0.003940
2010-02-04,-0.039834
2010-02-05,0.002970
2010-02-08,-0.006114
2010-02-09,0.013168
2010-02-10,-0.002751
2010-02-11,0.019121
2010-02-12,-0.000840
2010-02-16,0.024103
2010-02-17,-0.003375
2010-02-18,0.006682
2010-02-19,-0.004637
2010-02-22,-0.003654
2010-02-23,-0.010819
2010-02-24,-0.004912
2010-02-25,0.008849
2010-02-26,0.010341
2010-03-01,0.000000
2010-03-02,0.014530
2010-03-03,0.005495
2010-03-04,-0.007166
2010-03-05,-0.000180
2010-03-08,-0.008393
2010-03-09,-0.001456
2010-03-10,-0.011393
2010-03-11,0.001198
2010-03-12,-0.005985
2010-03-15,0.003798
2010-03-16,0.018826
2010-03-17,-0.007337
2010-03-18,0.006844
2010-03-19,-0.018670
2010-03-22,-0.004895
2010-03-23,0.005290
2010-03-24,-0.018648
2010-03-25,0.004515
2010-03-26,0.016951
2010-03-29,0.001473
2010-03-30,-0.007172
2010-03-31,0.009077
2010-04-01,0.012024
2010-04-05,0.005714
2010-04-06,0.001263
2010-04-07,0.013150
2010-04-08,0.001422
2010-04-09,0.008788
2010-04-12,-0.005544
2010-04-13,-0.002832
2010-04-14,0.003017
2010-04-15,0.005485
2010-04-16,-0.021205
2010-04-19,-0.000809
2010-04-20,0.002789
2010-04-21,0.007626
2010-04-22,-0.004185
2010-04-23,0.012071
2010-04-26,-0.003887
2010-04-27,0.016674
2010-04-28,-0.002792
2010-04-29,-0.000262
2010-04-30,0.009450
2010-05-03,0.003207
2010-05-04,-0.007431
2010-05-05,0.001915
2010-05-06,0.029542
2010-05-07,-0.001857
2010-05-10,-0.005919
2010-05-11,0.026282
2010-05-12,0.006133
2010-05-13,-0.006919
2010-05-14,-0.001576
2010-05-17,-0.008391
2010-05-18,0.001089
2010-05-19,-0.023935
2010-05-20,-0.006774
2010-05-21,-0.005352
2010-05-24,0.014060
2010-05-25,0.004451
2010-05-26,0.009458
2010-05-27,0.001857
2010-05-28,0.001601
2010-06-01,0.008664
2010-06-02,-0.001084
2010-06-03,-0.015195
2010-06-04,0.010427
2010-06-07,0.019297
2010-06-08,-0.004033
2010-06-09,-0.003636
2010-06-10,-0.013188
2010-06-11,0.008742
2010-06-14,-0.003416
2010-06-15,0.011622
2010-06-16,-0.005455
2010-06-17,0.013047
2010-06-18,0.007629
2010-06-21,-0.019865
2010-06-22,0.008805
2010-06-23,-0.004117
2010-06-24,0.002894
2010-06-25,0.012036
2010-06-28,-0.013604
2010-06-29,0.001487
2010-06-30,0.003381
2010-07-01,-0.038133
2010-07-02,0.012389
2010-07-06,-0.016710
2010-07-07,0.010471
2010-07-08,-0.004417
2010-07-09,0.009811
2010-07-12,-0.008618
2010-07-13,0.008693
2010-07-14,-0.000507
2010-07-15,-0.000592
2010-07-16,-0.013195
2010-07-19,-0.008057
2010-07-20,0.007950
2010-07-21,-0.006858
2010-07-22,0.008718
2010-07-23,-0.006589
2010-07-26,-0.004910
2010-07-27,-0.017400
2010-07-28,0.002379
2010-07-29,0.004482
2010-07-30,0.010500
2010-08-02,0.000433
2010-08-03,0.003895
2010-08-04,0.006294
2010-08-05,0.002228
2010-08-06,0.007352
2010-08-09,-0.003734
2010-08-10,0.002811
2010-08-11,-0.003313
2010-08-12,0.012187
2010-08-13,-0.000253
2010-08-16,0.008338
2010-08-17,0.000167
2010-08-18,0.003925
2010-08-19,0.001414
2010-08-20,-0.003489
2010-08-23,-0.001584
2010-08-24,0.004842
2010-08-25,0.008308
2010-08-26,-0.003296
2010-08-27,0.000413
2010-08-30,-0.000826
2010-08-31,0.009677
2010-09-01,-0.003195
2010-09-02,0.004931
2010-09-03,-0.003516
2010-09-07,0.006893
2010-09-08,0.000082
2010-09-09,-0.009372
2010-09-10,0.001399
2010-09-13,-0.000904
2010-09-14,0.019734
2010-09-15,-0.000645
2010-09-16,0.005567
2010-09-17,-0.000722
2010-09-20,0.002650
2010-09-21,0.009129
2010-09-22,0.001508
2010-09-23,0.000792
2010-09-24,0.003088
2010-09-27,0.000237
2010-09-28,0.008917
2010-09-29,0.000782
2010-09-30,-0.000313
2010-10-01,0.007818
2010-10-04,-0.003491
2010-10-05,0.019695
2010-10-06,0.006260
2010-10-07,-0.010925
2010-10-08,0.009895
2010-10-11,0.004785
2010-10-12,-0.002494
2010-10-13,0.015990
2010-10-14,0.005072
2010-10-15,-0.007941
2010-10-18,0.004488
2010-10-19,-0.031054
2010-10-20,0.009300
2010-10-21,-0.014088
2010-10-22,0.002008
2010-10-25,0.008633
2010-10-26,0.000229
2010-10-27,-0.010391
2010-10-28,0.013280
2010-10-29,0.010515
2010-11-01,-0.005278
2010-11-02,0.004321
2010-11-03,-0.006944
2010-11-04,0.033898
2010-11-05,0.002573
2010-11-08,0.010265
2010-11-09,-0.015895
2010-11-10,0.012169
2010-11-11,0.003060
2010-11-12,-0.028839
2010-11-15,-0.009500
2010-11-16,-0.010950
2010-11-17,-0.004505
2010-11-18,0.013115
2010-11-19,0.000833
2010-11-22,0.009682
2010-11-23,0.006967
2010-11-24,-0.001711
2010-11-26,-0.007974
2010-11-29,0.003005
2010-11-30,0.014306
2010-12-01,-0.000295
2010-12-02,-0.001330
2010-12-03,0.021228
2010-12-06,0.007532
2010-12-07,-0.018762
2010-12-08,-0.012528
2010-12-09,0.004303
2010-12-10,0.000296
2010-12-13,0.004726
2010-12-14,0.000955
2010-12-15,-0.010868
2010-12-16,-0.006607
2010-12-17,0.002915
2010-12-20,0.006781
2010-12-21,0.001554
2010-12-22,-0.001995
2010-12-23,-0.002888
2010-12-27,0.002673
2010-12-28,0.016294
2010-12-29,0.003571
2010-12-30,-0.004938
2010-12-31,0.012333
2011-01-03,-0.005190
2011-01-04,-0.023551
2011-01-05,-0.002820
2011-01-06,-0.004019
2011-01-07,-0.001868
2011-01-10,0.004042
2011-01-11,0.005890
2011-01-12,0.004077
2011-01-13,-0.010409
2011-01-14,-0.010145
2011-01-18,0.005577
2011-01-19,0.002173
2011-01-20,-0.018845
2011-01-21,-0.001296
2011-01-24,-0.005113
2011-01-25,-0.001994
2011-01-26,0.008148
2011-01-27,-0.024626
2011-01-28,0.018369
2011-01-31,-0.003147
2011-02-01,0.007161
2011-02-02,-0.002676
2011-02-03,0.013415
2011-02-04,-0.004085
2011-02-07,0.000152
2011-02-08,0.011088
2011-02-09,-0.000526
2011-02-10,-0.001653
2011-02-11,-0.003989
2011-02-14,0.004761
2011-02-15,0.007672
2011-02-16,0.000970
2011-02-17,0.007010
2011-02-18,0.002740
2011-02-22,0.006499
2011-02-23,0.008952
2011-02-24,-0.007490
2011-02-25,0.006594
2011-02-28,0.002038
2011-03-01,0.017216
2011-03-02,-0.000786
2011-03-03,-0.013079
2011-03-04,0.009125
2011-03-07,0.002655
2011-03-08,-0.002577
2011-03-09,0.000359
2011-03-10,-0.011764
2011-03-11,0.003266
2011-03-14,0.004630
2011-03-15,-0.018652
2011-03-16,-0.000220
2011-03-17,0.005358
2011-03-18,0.010221
2011-03-21,0.005565
2011-03-22,-0.000647
2011-03-23,0.009277
2011-03-24,-0.007981
2011-03-25,0.000287
2011-03-28,-0.005170
2011-03-29,-0.002382
2011-03-30,0.003328
2011-03-31,0.008582
2011-04-01,-0.004719
2011-04-04,0.004598
2011-04-05,0.015804
2011-04-06,0.002323
2011-04-07,0.000913
2011-04-08,0.008070
2011-04-11,-0.007100
2011-04-12,-0.007221
2011-04-13,0.002048
2011-04-14,0.013460
2011-04-15,0.008623
2011-04-18,0.006067
2011-04-19,0.000000
2011-04-20,0.003906
2011-04-21,0.001638
2011-04-25,0.000886
2011-04-26,-0.003336
2011-04-27,0.019265
2011-04-28,0.004156
2011-04-29,0.017020
2011-05-02,-0.012863
2011-05-03,-0.003524
2011-05-04,-0.014345
2011-05-05,-0.028836
2011-05-06,0.012755
2011-05-09,0.014315
2011-05-10,0.003528
2011-05-11,-0.009195
2011-05-12,0.000341
2011-05-13,-0.006549
2011-05-16,-0.001785
2011-05-17,-0.004334
2011-05-18,0.005942
2011-05-19,0.000343
2011-05-20,0.012633
2011-05-23,0.002305
2011-05-24,0.005141
2011-05-25,-0.000067
2011-05-26,-0.002423
2011-05-27,0.009985
2011-05-31,-0.000401
2011-06-01,0.001804
2011-06-02,-0.002735
2011-06-03,0.004816
2011-06-06,0.001731
2011-06-07,-0.000399
2011-06-08,-0.004055
2011-06-09,0.005006
2011-06-10,-0.008767
2011-06-13,-0.009850
2011-06-14,0.006091
2011-06-15,0.003027
2011-06-16,-0.001006
2011-06-17,0.006511
2011-06-20,0.000600
2011-06-21,0.004866
2011-06-22,0.001526
2011-06-23,-0.017551
2011-06-24,-0.014022
2011-06-27,-0.003624
2011-06-28,0.003500
2011-06-29,0.006428
2011-06-30,-0.008017
2011-07-01,-0.007329
2011-07-05,0.018630
2011-07-06,0.008670
2011-07-07,0.001612
2011-07-08,0.007375
2011-07-11,0.008918
2011-07-12,0.007784
2011-07-13,0.008968
2011-07-14,0.002595
2011-07-15,0.004271
2011-07-18,0.008827
2011-07-19,-0.012199
2011-07-20,0.008793
2011-07-21,-0.007627
2011-07-22,0.008332
2011-07-25,0.007815
2011-07-26,0.002733
2011-07-27,-0.003676
2011-07-28,0.000827
2011-07-29,0.006166
2011-08-01,-0.003601
2011-08-02,0.024093
2011-08-03,-0.000186
2011-08-04,-0.005264
2011-08-05,0.006910
2011-08-08,0.033199
2011-08-09,0.008916
2011-08-10,0.035407
2011-08-11,-0.021938
2011-08-12,-0.004568
2011-08-15,0.010767
2011-08-16,0.012340
2011-08-17,0.002875
2011-08-18,0.018920
2011-08-19,0.012548
2011-08-22,0.025785
2011-08-23,-0.037488
2011-08-24,-0.033883
2011-08-25,0.004136
2011-08-26,0.029647
2011-08-29,-0.020172
2011-08-30,0.029962
2011-08-31,-0.007705
2011-09-01,0.000844
2011-09-02,0.030191
2011-09-06,-0.001856
2011-09-07,-0.031821
2011-09-08,0.026711
2011-09-09,-0.006105
2011-09-12,-0.022302
2011-09-13,0.010585
2011-09-14,-0.007449
2011-09-15,-0.015857
2011-09-16,0.009346
2011-09-19,-0.015452
2011-09-20,0.014252
2011-09-21,-0.012459
2011-09-22,-0.026154
2011-09-23,-0.054718
2011-09-26,-0.013892
2011-09-27,0.019355
2011-09-28,-0.027454
2011-09-29,0.009474
2011-09-30,0.002283
2011-10-03,0.018348
2011-10-04,-0.020626
2011-10-05,0.011545
2011-10-06,0.006459
2011-10-07,-0.008163
2011-10-10,0.025694
2011-10-11,-0.007166
2011-10-12,0.007156
2011-10-13,-0.005880
2011-10-14,0.006778
2011-10-17,-0.004774
2011-10-18,-0.004796
2011-10-19,-0.012173
2011-10-20,-0.013136
2011-10-21,0.011092
2011-10-24,0.009403
2011-10-25,0.028382
2011-10-26,0.010931
2011-10-27,0.012844
2011-10-28,0.000413
2011-10-31,-0.013442
2011-11-01,0.000239
2011-11-02,0.010037
2011-11-03,0.015734
2011-11-04,-0.005066
2011-11-07,0.024173
2011-11-08,-0.008287
2011-11-09,-0.008413
2011-11-10,-0.005405
2011-11-11,0.016478
2011-11-14,-0.004369
2011-11-15,0.000924
2011-11-16,-0.010671
2011-11-17,-0.025713
2011-11-18,0.003112
2011-11-21,-0.024579
2011-11-22,0.011070
2011-11-23,-0.002904
2011-11-25,-0.008676
2011-11-28,0.019768
2011-11-29,0.001500
2011-11-30,0.019475
2011-12-01,-0.002939
2011-12-02,0.001120
2011-12-05,-0.014721
2011-12-06,0.005140
2011-12-07,0.007254
2011-12-08,-0.020189
2011-12-09,0.002530
2011-12-12,-0.026502
2011-12-13,-0.021853
2011-12-14,-0.035090
2011-12-15,-0.003663
2011-12-16,0.019038
2011-12-19,-0.002319
2011-12-20,0.013624
2011-12-21,0.001147
2011-12-22,-0.007127
2011-12-23,0.001730
2011-12-27,-0.008957
2011-12-28,-0.025047
2011-12-29,-0.004569
2011-12-30,0.010975
2012-01-03,0.025857
2012-01-04,0.005067
2012-01-05,0.006828
2012-01-06,-0.003676
2012-01-09,-0.004453
2012-01-10,0.013674
2012-01-11,0.006493
2012-01-12,0.004447
2012-01-13,-0.006983
2012-01-17,0.007786
2012-01-18,0.006854
2012-01-19,-0.002352
2012-01-20,0.005272
2012-01-23,0.006725
2012-01-24,-0.007048
2012-01-25,0.027221
2012-01-26,0.005108
2012-01-27,0.010163
2012-01-30,-0.005563
2012-01-31,0.007618
2012-02-01,0.001477
2012-02-02,0.008787
2012-02-03,-0.019936
2012-02-06,-0.002744
2012-02-07,0.015074
2012-02-08,-0.007071
2012-02-09,-0.002849
2012-02-10,-0.005238
2012-02-13,0.002214
2012-02-14,-0.002328
2012-02-15,0.005924
2012-02-16,-0.000654
2012-02-17,-0.003869
2012-02-21,0.021930
2012-02-22,0.011227
2012-02-23,0.000463
2012-02-24,-0.004566
2012-02-27,-0.003077
2012-02-28,0.010425
2012-02-29,-0.053029
2012-03-01,0.014121
2012-03-02,-0.001621
2012-03-05,-0.004148
2012-03-06,-0.017809
2012-03-07,0.005716
2012-03-08,0.010084
2012-03-09,0.006655
2012-03-12,-0.007874
2012-03-13,-0.016781
2012-03-14,-0.016821
2012-03-15,0.009463
2012-03-16,0.001366
2012-03-19,0.001798
2012-03-20,-0.009035
2012-03-21,0.000500
2012-03-22,-0.003995
2012-03-23,0.012283
2012-03-26,0.017768
2012-03-27,-0.007056
2012-03-28,-0.010598
2012-03-29,-0.001424
2012-03-30,0.005208
2012-04-02,0.005058
2012-04-03,-0.018719
2012-04-04,-0.016761
2012-04-05,0.006997
2012-04-09,0.006696
2012-04-10,0.010855
2012-04-11,-0.000186
2012-04-12,0.010120
2012-04-13,-0.011371
2012-04-16,-0.002425
2012-04-17,-0.001309
2012-04-18,-0.005866
2012-04-19,0.000753
2012-04-20,0.000690
2012-04-23,-0.002946
2012-04-24,0.001446
2012-04-25,0.002009
2012-04-26,0.008834
2012-04-27,0.002174
2012-04-30,0.003098
2012-05-01,-0.003459
2012-05-02,-0.004525
2012-05-03,-0.010088
2012-05-04,0.003145
2012-05-07,-0.002446
2012-05-08,-0.019361
2012-05-09,-0.009808
2012-05-10,0.001942
2012-05-11,-0.007818
2012-05-14,-0.014522
2012-05-15,-0.010507
2012-05-16,-0.001870
2012-05-17,0.022347
2012-05-18,0.011453
2012-05-21,0.000647
2012-05-22,-0.016618
2012-05-23,-0.003025
2012-05-24,-0.001385
2012-05-25,0.008388
2012-05-29,-0.010872
2012-05-30,0.005893
2012-05-31,-0.001909
2012-06-01,0.038781
2012-06-04,-0.001143
2012-06-05,-0.001144
2012-06-06,0.000446
2012-06-07,-0.017238
2012-06-08,0.001489
2012-06-11,0.004072
2012-06-12,0.007080
2012-06-13,0.004218
2012-06-14,0.004010
2012-06-15,0.000570
2012-06-18,0.000570
2012-06-19,-0.004876
2012-06-20,-0.007572
2012-06-21,-0.025325
2012-06-22,0.004078
2012-06-25,0.007338
2012-06-26,-0.007414
2012-06-27,0.001376
2012-06-28,-0.011647
2012-06-29,0.027408
2012-07-02,-0.000644
2012-07-03,0.015282
2012-07-05,-0.011305
2012-07-06,-0.012654
2012-07-09,0.002147
2012-07-10,-0.012270
2012-07-11,0.005521
2012-07-12,-0.002615
2012-07-13,0.010158
2012-07-16,0.000454
2012-07-17,-0.004799
2012-07-18,-0.002737
2012-07-19,0.002156
2012-07-20,0.001891
2012-07-23,-0.004165
2012-07-24,0.003202
2012-07-25,0.014005
2012-07-26,0.007066
2012-07-27,0.004912
2012-07-30,-0.000698
2012-07-31,-0.005971
2012-08-01,-0.008627
2012-08-02,-0.006510
2012-08-03,0.009213
2012-08-06,0.004822
2012-08-07,-0.000128
2012-08-08,0.001280
2012-08-09,0.003259
2012-08-10,0.001210
2012-08-13,-0.007571
2012-08-14,-0.005513
2012-08-15,0.003223
2012-08-16,0.005976
2012-08-17,0.001022
2012-08-20,0.003446
2012-08-21,0.009984
2012-08-22,0.010766
2012-08-23,0.008409
2012-08-24,0.000494
2012-08-27,-0.003766
2012-08-28,0.001735
2012-08-29,-0.006496
2012-08-30,-0.000436
2012-08-31,0.023050
2012-09-04,0.001583
2012-09-05,-0.001034
2012-09-06,0.003530
2012-09-07,0.021530
2012-09-10,-0.006827
2012-09-11,0.003646
2012-09-12,0.000119
2012-09-13,0.020188
2012-09-14,0.002860
2012-09-17,-0.008149
2012-09-18,0.007747
2012-09-19,0.000116
2012-09-20,-0.001572
2012-09-21,0.002858
2012-09-24,-0.005292
2012-09-25,-0.001637
2012-09-26,-0.005622
2012-09-27,0.014899
2012-09-28,-0.002611
2012-10-01,0.002327
2012-10-02,-0.001103
2012-10-03,0.001801
2012-10-04,0.006960
2012-10-05,-0.005702
2012-10-08,-0.003302
2012-10-09,-0.006161
2012-10-10,-0.000877
2012-10-11,0.002810
2012-10-12,-0.007355
2012-10-15,-0.010055
2012-10-16,0.006356
2012-10-17,0.000708
2012-10-18,-0.004424
2012-10-19,-0.010783
2012-10-22,0.003653
2012-10-23,-0.012830
2012-10-24,-0.003446
2012-10-25,0.007036
2012-10-26,-0.000542
2012-10-31,0.005424
2012-11-01,-0.004556
2012-11-02,-0.020895
2012-11-05,0.003874
2012-11-06,0.018808
2012-11-07,0.001143
2012-11-08,0.009010
2012-11-09,-0.001012
2012-11-12,-0.002205
2012-11-13,-0.002090
2012-11-14,0.000239
2012-11-15,-0.006282
2012-11-16,-0.001264
2012-11-19,0.011997
2012-11-20,-0.002859
2012-11-21,0.001016
2012-11-23,0.012234
2012-11-26,-0.001061
2012-11-27,-0.004249
2012-11-28,-0.012803
2012-11-29,0.003783
2012-11-30,-0.006759
2012-12-03,0.000482
2012-12-04,-0.010293
2012-12-05,-0.001825
2012-12-06,0.002315
2012-12-07,0.004012
2012-12-10,0.003875
2012-12-11,-0.000905
2012-12-12,0.000724
2012-12-13,-0.008445
2012-12-14,-0.001460
2012-12-17,0.001889
2012-12-18,-0.014352
2012-12-19,-0.002406
2012-12-20,-0.012122
2012-12-21,0.003756
2012-12-24,0.001809
2012-12-26,0.000996
2012-12-27,0.002364
2012-12-28,-0.003847
2012-12-31,0.009219
2013-01-02,0.007098
2013-01-03,-0.012073
2013-01-04,-0.004715
2013-01-07,-0.006295
2013-01-08,0.007088
2013-01-09,-0.000436
2013-01-10,0.009284
2013-01-11,-0.005680
2013-01-14,0.002980
2013-01-15,0.006314
2013-01-16,0.000554
2013-01-17,0.004304
2013-01-18,-0.001592
2013-01-22,0.003556
2013-01-23,-0.002810
2013-01-24,-0.010968
2013-01-25,-0.004770
2013-01-28,-0.002241
2013-01-29,0.004367
2013-01-30,0.007454
2013-01-31,-0.006104
2013-02-01,0.001551
2013-02-04,0.003407
2013-02-05,-0.000247
2013-02-06,0.002655
2013-02-07,-0.003387
2013-02-08,-0.001668
2013-02-11,-0.011574
2013-02-12,0.001190
2013-02-13,-0.005254
2013-02-14,-0.004401
2013-02-15,-0.016356
2013-02-19,-0.002761
2013-02-20,-0.025043
2013-02-21,0.007792
2013-02-22,0.002293
2013-02-25,0.008956
2013-02-26,0.012181
2013-02-27,-0.010562
2013-02-28,-0.010157
2013-03-01,-0.003660
2013-03-04,-0.000918
2013-03-05,0.000525
2013-03-06,0.005578
2013-03-07,-0.003524
2013-03-08,0.000131
2013-03-11,0.001834
2013-03-12,0.007844
2013-03-13,-0.003437
2013-03-14,0.000130
2013-03-15,0.002082
2013-03-18,0.008961
2013-03-19,0.004505
2013-03-20,-0.004549
2013-03-21,0.005664
2013-03-22,-0.004480
2013-03-25,-0.001993
2013-03-26,-0.003350
2013-03-27,0.004137
2013-03-28,-0.005857
2013-04-01,0.001424
2013-04-02,-0.014482
2013-04-03,-0.011153
2013-04-04,-0.002919
2013-04-05,0.016768
2013-04-08,-0.004254
2013-04-09,0.007755
2013-04-10,-0.016891
2013-04-11,0.001990
2013-04-12,-0.047004
2013-04-15,-0.087808
2013-04-16,0.011347
2013-04-17,0.000527
2013-04-18,0.010762
2013-04-19,0.008712
2013-04-22,0.017937
2013-04-23,-0.007397
2013-04-24,0.010885
2013-04-25,0.023560
2013-04-26,-0.005084
2013-04-29,0.009864
2013-04-30,0.003303
2013-05-01,-0.011627
2013-05-02,0.005740
2013-05-03,0.001198
2013-05-06,0.000422
2013-05-07,-0.012452
2013-05-08,0.014817
2013-05-09,-0.011582
2013-05-10,-0.008593
2013-05-13,-0.008381
2013-05-14,-0.004479
2013-05-15,-0.023075
2013-05-16,-0.004011
2013-05-17,-0.022522
2013-05-20,0.030899
2013-05-21,-0.016578
2013-05-22,-0.007074
2013-05-23,0.020236
2013-05-24,-0.006315
2013-05-28,-0.002018
2013-05-29,0.010038
2013-05-30,0.013869
2013-05-31,-0.020336
2013-06-03,0.019340
2013-06-04,-0.009377
2013-06-05,0.002145
2013-06-06,0.007453
2013-06-07,-0.023804
2013-06-10,0.004952
2013-06-11,-0.005152
2013-06-12,0.007505
2013-06-13,-0.003799
2013-06-14,0.005159
2013-06-17,-0.004910
2013-06-18,-0.012260
2013-06-19,-0.011655
2013-06-20,-0.053526
2013-06-21,0.011731
2013-06-24,-0.008956
2013-06-25,-0.003712
2013-06-26,-0.042035
2013-06-27,-0.019784
2013-06-28,0.027342
2013-07-01,0.016959
2013-07-02,-0.008916
2013-07-03,0.005748
2013-07-05,-0.021948
2013-07-08,0.012025
2013-07-09,0.009288
2013-07-10,0.002736
2013-07-11,0.027201
2013-07-12,-0.000885
2013-07-15,0.000403
2013-07-16,0.005717
2013-07-17,-0.012571
2013-07-18,0.005595
2013-07-19,0.008870
2013-07-22,0.029814
2013-07-23,0.006753
2013-07-24,-0.017192
2013-07-25,0.009335
2013-07-26,0.000855
2013-07-29,-0.002407
2013-07-30,-0.002724
2013-07-31,-0.001249
2013-08-01,-0.010550
2013-08-02,-0.001975
2013-08-05,-0.005223
2013-08-06,-0.013763
2013-08-07,0.001452
2013-08-08,0.021828
2013-08-09,0.000000
2013-08-12,0.017894
2013-08-13,-0.010764
2013-08-14,0.009864
2013-08-15,0.020853
2013-08-16,0.006758
2013-08-19,-0.004299
2013-08-20,0.003333
2013-08-21,-0.002869
2013-08-22,0.005603
2013-08-23,0.015737
2013-08-26,0.004077
2013-08-27,0.009598
2013-08-28,-0.000292
2013-08-29,-0.006144
2013-08-30,-0.009200
2013-09-03,0.013371
2013-09-04,-0.012901
2013-09-05,-0.018268
2013-09-06,0.014750
2013-09-09,-0.001789
2013-09-10,-0.016205
2013-09-11,-0.000304
2013-09-12,-0.030600
2013-09-13,0.001175
2013-09-16,-0.010718
2013-09-17,0.000395
2013-09-18,0.043557
2013-09-19,-0.001970
2013-09-20,-0.028767
2013-09-23,-0.003204
2013-09-24,0.000862
2013-09-25,0.008852
2013-09-26,-0.007765
2013-09-27,0.009234
2013-09-30,-0.006126
2013-10-01,-0.028007
2013-10-02,0.019825
2013-10-03,0.000944
2013-10-04,-0.005111
2013-10-07,0.008773
2013-10-08,-0.001880
2013-10-09,-0.010126
2013-10-10,-0.014590
2013-10-11,-0.013438
2013-10-14,0.001876
2013-10-15,0.007327
2013-10-16,-0.001536
2013-10-17,0.031407
2013-10-18,-0.004473
2013-10-21,0.001025
2013-10-22,0.018586
2013-10-23,-0.005025
2013-10-24,0.009402
2013-10-25,0.004311
2013-10-28,0.000766
2013-10-29,-0.006051
2013-10-30,-0.001310
2013-10-31,-0.014352
2013-11-01,-0.006184
2013-11-04,-0.001103
2013-11-05,-0.001971
2013-11-06,0.005057
2013-11-07,-0.008176
2013-11-08,-0.014902
2013-11-11,-0.003299
2013-11-12,-0.011464
2013-11-13,0.003267
2013-11-14,0.011559
2013-11-15,0.000402
2013-11-18,-0.011422
2013-11-19,0.000407
2013-11-20,-0.023017
2013-11-21,-0.001499
2013-11-22,-0.000167
2013-11-25,0.004503
2013-11-26,-0.005313
2013-11-27,-0.003005
2013-11-29,0.010380
2013-12-02,-0.025849
2013-12-03,0.003232
2013-12-04,0.016955
2013-12-05,-0.013838
2013-12-06,0.002113
2013-12-09,0.009869
2013-12-10,0.017541
2013-12-11,-0.007880
2013-12-12,-0.021264
2013-12-13,0.009215
2013-12-16,0.002597
2013-12-17,-0.008689
2013-12-18,-0.008765
2013-12-19,-0.023722
2013-12-20,0.009754
2013-12-23,-0.003191
2013-12-24,0.004586
2013-12-26,0.005512
2013-12-27,0.003255
2013-12-30,-0.014771
2013-12-31,0.006326
2014-01-02,0.016190
2014-01-03,0.010932
2014-01-06,0.001760
2014-01-07,-0.005690
2014-01-08,-0.005891
2014-01-09,0.002878
2014-01-10,0.015195
2014-01-13,0.006320
2014-01-14,-0.009337
2014-01-15,-0.001918
2014-01-16,0.001086
2014-01-17,0.009517
2014-01-21,-0.010171
2014-01-22,-0.004261
2014-01-23,0.021814
2014-01-24,0.004105
2014-01-27,-0.010876
2014-01-28,-0.000083
2014-01-29,0.012567
2014-01-30,-0.022046
2014-01-31,0.002672
2014-02-03,0.010242
2014-02-04,-0.002720
2014-02-05,0.002480
2014-02-06,-0.000412
2014-02-07,0.007671
2014-02-10,0.006139
2014-02-11,0.011715
2014-02-12,0.000563
2014-02-13,0.008519
2014-02-14,0.013228
2014-02-18,0.001966
2014-02-19,-0.008870
2014-02-20,0.010533
2014-02-21,-0.000157
2014-02-24,0.011052
2014-02-25,0.001706
2014-02-26,-0.008513
2014-02-27,0.000702
2014-02-28,-0.004524
2014-03-03,0.020921
2014-03-04,-0.012357
2014-03-05,0.001632
2014-03-06,0.009931
2014-03-07,-0.008297
2014-03-10,0.000310
2014-03-11,0.005653
2014-03-12,0.014631
2014-03-13,0.003415
2014-03-14,0.006732
2014-03-17,-0.010969
2014-03-18,-0.007748
2014-03-19,-0.019369
2014-03-20,-0.001796
2014-03-21,0.004771
2014-03-24,-0.017825
2014-03-25,0.001823
2014-03-26,-0.007911
2014-03-27,-0.006539
2014-03-28,-0.000241
2014-03-31,-0.007627
2014-04-01,-0.001780
2014-04-02,0.007537
2014-04-03,-0.003218
2014-04-04,0.013315
2014-04-07,-0.005256
2014-04-08,0.009447
2014-04-09,0.001824
2014-04-10,0.005462
2014-04-11,-0.000630
2014-04-14,0.007248
2014-04-15,-0.018459
2014-04-16,0.000398
2014-04-17,-0.006293
2014-04-21,-0.004088
2014-04-22,-0.003703
2014-04-23,-0.000162
2014-04-24,0.006464
2014-04-25,0.006985
2014-04-28,-0.004385
2014-04-29,-0.000160
2014-04-30,-0.005126
2014-05-01,-0.003381
2014-05-02,0.010178
2014-05-05,0.009276
2014-05-06,-0.001901
2014-05-07,-0.014367
2014-05-08,0.000000
2014-05-09,-0.000564
2014-05-12,0.006769
2014-05-13,-0.002721
2014-05-14,0.009711
2014-05-15,-0.008266
2014-05-16,-0.002164
2014-05-19,0.000643
2014-05-20,0.000883
2014-05-21,-0.002406
2014-05-22,0.002251
2014-05-23,-0.001283
2014-05-27,-0.021364
2014-05-28,-0.005334
2014-05-29,-0.002145
2014-05-30,-0.004217
2014-06-02,-0.006062
2014-06-03,0.002590
2014-06-04,-0.002083
2014-06-05,0.007515
2014-06-06,-0.000414
2014-06-09,0.000332
2014-06-10,0.006133
2014-06-11,0.000165
2014-06-12,0.010131
2014-06-13,0.002609
2014-06-16,-0.004392
2014-06-17,-0.001144
2014-06-18,0.003189
2014-06-19,0.034809
2014-06-20,-0.003466
2014-06-23,0.002767
2014-06-24,0.001025
2014-06-25,0.000079
2014-06-26,-0.002047
2014-06-27,-0.000552
2014-06-30,0.010895
2014-07-01,-0.002655
2014-07-02,0.000000
2014-07-03,-0.004229
2014-07-07,-0.001101
2014-07-08,0.000394
2014-07-09,0.006060
2014-07-10,0.005476
2014-07-11,0.001867
2014-07-14,-0.023761
2014-07-15,-0.009465
2014-07-16,0.003533
2014-07-17,0.016964
2014-07-18,-0.007554
2014-07-21,0.001665
2014-07-22,-0.004749
2014-07-23,-0.000954
2014-07-24,-0.010110
2014-07-25,0.011580
2014-07-28,-0.001669
2014-07-29,-0.003026
2014-07-30,-0.002955
2014-07-31,-0.011536
2014-08-01,0.008023
2014-08-04,-0.003136
2014-08-05,-0.000968
2014-08-06,0.014531
2014-08-07,0.004058
2014-08-08,0.000079
2014-08-11,-0.001823
2014-08-12,0.000238
2014-08-13,0.001667
2014-08-14,0.000872
2014-08-15,-0.006571
2014-08-18,-0.004144
2014-08-19,-0.002241
2014-08-20,-0.003689
2014-08-21,-0.010787
2014-08-22,0.002523
2014-08-25,-0.003653
2014-08-26,0.004970
2014-08-27,-0.000243
2014-08-28,0.005514
2014-08-29,-0.001129
2014-09-02,-0.017843
2014-09-03,0.004110
2014-09-04,-0.005485
2014-09-05,0.004774
2014-09-08,-0.010896
2014-09-09,0.001160
2014-09-10,-0.005047
2014-09-11,-0.006569
2014-09-12,-0.009124
2014-09-15,0.002196
2014-09-16,0.001602
2014-09-17,-0.010856
2014-09-18,0.002042
2014-09-19,-0.005858
2014-09-22,-0.002050
2014-09-23,0.006418
2014-09-24,-0.004677
2014-09-25,0.002905
2014-09-26,-0.002811
2014-09-29,-0.000256
2014-09-30,-0.007007
2014-10-01,0.004819
2014-10-02,-0.000257
2014-10-03,-0.018246
2014-10-06,0.012390
2014-10-07,0.002844
2014-10-08,0.009539
2014-10-09,0.001447
2014-10-10,-0.000425
2014-10-13,0.007909
2014-10-14,0.000591
2014-10-15,0.003373
2014-10-16,0.001933
2014-10-17,-0.001929
2014-10-20,0.006807
2014-10-21,0.001836
2014-10-22,-0.005666
2014-10-23,-0.006871
2014-10-24,-0.001434
2014-10-27,-0.002450
2014-10-28,0.000339
2014-10-29,-0.014310
2014-10-30,-0.010480
2014-10-31,-0.021964
2014-11-03,-0.004527
2014-11-04,0.000624
2014-11-05,-0.021654
2014-11-06,0.000820
2014-11-07,0.028122
2014-11-10,-0.022218
2014-11-11,0.014304
2014-11-12,-0.004820
2014-11-13,0.001525
2014-11-14,0.025074
2014-11-17,-0.003669
2014-11-18,0.008768
2014-11-19,-0.011908
2014-11-20,0.010380
2014-11-21,0.004614
2014-11-24,-0.002427
2014-11-25,0.002346
2014-11-26,-0.001907
2014-11-28,-0.026485
2014-12-01,0.039872
2014-12-02,-0.012352
2014-12-03,0.010335
2014-12-04,-0.003868
2014-12-05,-0.012513
2014-12-08,0.011798
2014-12-09,0.020815
2014-12-10,-0.001946
2014-12-11,-0.002289
2014-12-12,-0.002379
2014-12-15,-0.025722
2014-12-16,0.004896
2014-12-17,-0.005916
2014-12-18,0.007701
2014-12-19,-0.003300
2014-12-22,-0.019343
2014-12-23,0.001688
2014-12-24,0.000266
2014-12-26,0.018267
2014-12-29,-0.010102
2014-12-30,0.013460
2014-12-31,-0.014062
2015-01-02,0.004402
2015-01-05,0.015077
2015-01-06,0.011399
2015-01-07,-0.005891
2015-01-08,-0.004209
2015-01-09,0.011385
2015-01-12,0.011086
2015-01-13,-0.003374
2015-01-14,-0.001608
2015-01-15,0.025176
2015-01-16,0.013064
2015-01-20,0.013712
2015-01-21,0.000242
2015-01-22,0.008050
2015-01-23,-0.007985
2015-01-26,-0.009982
2015-01-27,0.011464
2015-01-28,-0.007878
2015-01-29,-0.021552
2015-01-30,0.022276
2015-02-02,-0.008343
2015-02-03,-0.011191
2015-02-04,0.004378
2015-02-05,0.001727
2015-02-06,-0.025864
2015-02-09,0.004467
2015-02-10,-0.005874
2015-02-11,-0.011817
2015-02-12,0.002306
2015-02-13,0.005454
2015-02-17,-0.016698
2015-02-18,0.002845
2015-02-19,-0.003438
2015-02-20,-0.005693
2015-02-23,0.001301
2015-02-24,-0.001473
2015-02-25,0.003817
2015-02-26,0.003198
2015-02-27,0.000775
2015-03-02,-0.004132
2015-03-03,-0.001815
2015-03-04,-0.003118
2015-03-05,-0.000956
2015-03-06,-0.027304
2015-03-09,0.000983
2015-03-10,-0.004912
2015-03-11,-0.006013
2015-03-12,-0.000271
2015-03-13,0.001445
2015-03-16,-0.000631
2015-03-17,-0.005415
2015-03-18,0.019599
2015-03-19,-0.000712
2015-03-20,0.011399
2015-03-23,0.006340
2015-03-24,0.002450
2015-03-25,0.001397
2015-03-26,0.006537
2015-03-27,-0.003637
2015-03-30,-0.011385
2015-03-31,-0.000791
2015-04-01,0.017068
2015-04-02,-0.002768
2015-04-06,0.012231
2015-04-07,-0.004970
2015-04-08,-0.005512
2015-04-09,-0.006928
2015-04-10,0.011337
2015-04-13,-0.007157
2015-04-14,-0.006080
2015-04-15,0.008651
2015-04-16,-0.003465
2015-04-17,0.004955
2015-04-20,-0.007612
2015-04-21,0.005753
2015-04-22,-0.013434
2015-04-23,0.007292
2015-04-24,-0.014042
2015-04-27,0.020168
2015-04-28,0.008671
2015-04-29,-0.007049
2015-04-30,-0.017661
2015-05-01,-0.003437
2015-05-04,0.009020
2015-05-05,0.002805
2015-05-06,-0.000524
2015-05-07,-0.008220
2015-05-08,0.004849
2015-05-11,-0.003861
2015-05-12,0.008544
2015-05-13,0.017904
2015-05-14,0.005405
2015-05-15,0.002987
2015-05-18,-0.000085
2015-05-19,-0.013870
2015-05-20,0.001640
2015-05-21,-0.003360
2015-05-22,-0.000778
2015-05-26,-0.014619
2015-05-27,-0.000176
2015-05-28,0.001141
2015-05-29,0.000702
2015-06-01,-0.000876
2015-06-02,0.004035
2015-06-03,-0.007164
2015-06-04,-0.007040
2015-06-05,-0.005317
2015-06-08,0.002940
2015-06-09,0.002221
2015-06-10,0.008509
2015-06-11,-0.004570
2015-06-12,-0.000265
2015-06-15,0.004416
2015-06-16,-0.003605
2015-06-17,0.004677
2015-06-18,0.012912
2015-06-19,-0.001734
2015-06-22,-0.012856
2015-06-23,-0.006600
2015-06-24,-0.002657
2015-06-25,-0.001332
2015-06-26,0.001067
2015-06-29,0.004531
2015-06-30,-0.006191
2015-07-01,-0.003471
2015-07-02,-0.001965
2015-07-06,0.002684
2015-07-07,-0.011601
2015-07-08,0.002979
2015-07-09,0.002431
2015-07-10,0.001167
2015-07-13,-0.004485
2015-07-14,-0.002252
2015-07-15,-0.005237
2015-07-16,-0.003631
2015-07-17,-0.010113
2015-07-20,-0.027151
2015-07-21,-0.003122
2015-07-22,-0.005410
2015-07-23,-0.004485
2015-07-24,0.009777
2015-07-27,-0.004651
2015-07-28,0.001526
2015-07-29,0.001428
2015-07-30,-0.008558
2015-07-31,0.006330
2015-08-03,-0.007910
2015-08-04,0.002017
2015-08-05,-0.003643
2015-08-06,0.004426
2015-08-07,0.002491
2015-08-10,0.010225
2015-08-11,0.005108
2015-08-12,0.014022
2015-08-13,-0.008260
2015-08-14,-0.000094
2015-08-17,0.002620
2015-08-18,-0.000187
2015-08-19,0.013444
2015-08-20,0.017411
2015-08-21,0.006248
2015-08-24,-0.005399
2015-08-25,-0.012395
2015-08-26,-0.013650
2015-08-27,0.000557
2015-08-28,0.009004
2015-08-31,0.001104
2015-09-01,0.003492
2015-09-02,-0.005311
2015-09-03,-0.007181
2015-09-04,-0.003246
2015-09-08,0.000279
2015-09-09,-0.012928
2015-09-10,0.002356
2015-09-11,-0.002068
2015-09-14,0.000565
2015-09-15,-0.003013
2015-09-16,0.013314
2015-09-17,0.010251
2015-09-18,0.007379
2015-09-21,-0.006227
2015-09-22,-0.006818
2015-09-23,0.003989
2015-09-24,0.020976
2015-09-25,-0.006154
2015-09-28,-0.012658
2015-09-29,-0.004058
2015-09-30,-0.010372
2015-10-01,-0.001217
2015-10-02,0.021175
2015-10-05,-0.002019
2015-10-06,0.010021
2015-10-07,-0.001456
2015-10-08,-0.005105
2015-10-09,0.015851
2015-10-12,0.003969
2015-10-13,0.004941
2015-10-14,0.017432
2015-10-15,-0.004569
2015-10-16,-0.007062
2015-10-19,-0.004178
2015-10-20,0.006338
2015-10-21,-0.008871
2015-10-22,-0.000358
2015-10-23,-0.001701
2015-10-26,-0.000628
2015-10-27,0.002244
2015-10-28,-0.008059
2015-10-29,-0.009568
2015-10-30,-0.003828
2015-11-02,-0.006496
2015-11-03,-0.014826
2015-11-04,-0.009441
2015-11-05,-0.003114
2015-11-06,-0.014578
2015-11-09,0.002882
2015-11-10,-0.002107
2015-11-11,-0.003360
2015-11-12,0.000193
2015-11-13,-0.002792
2015-11-16,0.001448
2015-11-17,-0.013210
2015-11-18,0.000879
2015-11-19,0.011032
2015-11-20,-0.004538
2015-11-23,-0.008051
2015-11-24,0.006650
2015-11-25,-0.004663
2015-11-27,-0.011809
2015-11-30,0.006617
2015-12-01,0.003532
2015-12-02,-0.015546
2015-12-03,0.010627
2015-12-04,0.022209
2015-12-07,-0.012978
2015-12-08,0.001656
2015-12-09,-0.001945
2015-12-10,-0.000877
2015-12-11,0.005461
2015-12-14,-0.012802
2015-12-15,-0.002653
2015-12-16,0.012116
2015-12-17,-0.021898
2015-12-18,0.015323
2015-12-21,0.010878
2015-12-22,-0.005235
2015-12-23,-0.002924
2015-12-24,0.007233
2015-12-28,-0.007569
2015-12-29,-0.000684
2015-12-30,-0.007632
2015-12-31,0.000394
2016-01-04,0.014094
2016-01-05,0.002819
2016-01-06,0.014441
2016-01-07,0.014140
2016-01-08,-0.004428
2016-01-11,-0.008895
2016-01-12,-0.005060
2016-01-13,0.004894
2016-01-14,-0.016234
2016-01-15,0.010289
2016-01-19,-0.000961
2016-01-20,0.013368
2016-01-21,0.001139
2016-01-22,-0.004645
2016-01-25,0.010286
2016-01-26,0.011406
2016-01-27,0.003728
2016-01-28,-0.010679
2016-01-29,0.003848
2016-02-01,0.010285
2016-02-02,0.000370
2016-02-03,0.010732
2016-02-04,0.012082
2016-02-05,0.015827
2016-02-08,0.013444
2016-02-09,-0.002196
2016-02-10,0.007748
2016-02-11,0.040189
2016-02-12,-0.005879
2016-02-16,-0.030331
2016-02-17,0.006186
2016-02-18,0.024333
2016-02-19,-0.006002
2016-02-22,-0.017775
2016-02-23,0.014980
2016-02-24,0.003327
2016-02-25,0.002636
2016-02-26,-0.006869
2016-02-29,0.013065
2016-03-01,-0.007333
2016-03-02,0.007727
2016-03-03,0.017273
2016-03-04,-0.001574
2016-03-07,0.004978
2016-03-08,-0.004623
2016-03-09,-0.008293
2016-03-10,0.016056
2016-03-11,-0.017202
2016-03-14,-0.012897
2016-03-15,0.000764
2016-03-16,0.022296
2016-03-17,-0.003815
2016-03-18,-0.002747
2016-03-21,-0.007012
2016-03-22,0.002942
2016-03-23,-0.022630
2016-03-24,-0.002401
2016-03-28,0.002321
2016-03-29,0.018525
2016-03-30,-0.013978
2016-03-31,0.004611
2016-04-01,-0.006035
2016-04-04,-0.006671
2016-04-05,0.013000
2016-04-06,-0.006119
2016-04-07,0.014281
2016-04-08,-0.001518
2016-04-11,0.013510
2016-04-12,0.000167
2016-04-13,-0.010662
2016-04-14,-0.013977
2016-04-15,0.006917
2016-04-18,-0.001526
2016-04-19,0.015628
2016-04-20,-0.005101
2016-04-21,0.003782
2016-04-22,-0.012812
2016-04-25,0.002884
2016-04-26,0.003975
2016-04-27,0.002864
2016-04-28,0.018901
2016-04-29,0.019458
2016-05-02,-0.003316
2016-05-03,-0.002272
2016-05-04,-0.006100
2016-05-05,-0.001146
2016-05-06,0.009093
2016-05-09,-0.020539
2016-05-10,0.002735
2016-05-11,0.009423
2016-05-12,-0.007861
2016-05-13,0.004539
2016-05-16,0.000739
2016-05-17,0.003448
2016-05-18,-0.017346
2016-05-19,-0.001915
2016-05-20,-0.001335
2016-05-23,-0.002840
2016-05-24,-0.017341
2016-05-25,-0.002728
2016-05-26,-0.003419
2016-05-27,-0.008235
2016-05-31,0.003806
2016-06-01,-0.001034
2016-06-02,-0.002329
2016-06-03,0.027751
2016-06-06,0.000336
2016-06-07,-0.000841
2016-06-08,0.014812
2016-06-09,0.005556
2016-06-10,0.004041
2016-06-13,0.007393
2016-06-14,0.001060
2016-06-15,0.007412
2016-06-16,-0.010511
2016-06-17,0.012829
2016-06-20,-0.005970
2016-06-21,-0.019235
2016-06-22,0.000497
2016-06-23,-0.006534
2016-06-24,0.049038
2016-06-27,0.005397
2016-06-28,-0.010736
2016-06-29,0.004149
2016-06-30,0.005006
2016-07-01,0.015340
2016-07-05,0.008255
2016-07-06,0.005870
2016-07-07,-0.003763
2016-07-08,0.006012
2016-07-11,-0.009424
2016-07-12,-0.016552
2016-07-13,0.009202
2016-07-14,-0.007715
2016-07-15,-0.003848
2016-07-18,0.001577
2016-07-19,0.001338
2016-07-20,-0.014307
2016-07-21,0.015233
2016-07-22,-0.007463
2016-07-25,-0.006965
2016-07-26,0.004224
2016-07-27,0.016111
2016-07-28,-0.002890
2016-07-29,0.010340
2016-08-01,0.001861
2016-08-02,0.008126
2016-08-03,-0.004759
2016-08-04,0.001697
2016-08-05,-0.017864
2016-08-08,-0.000862
2016-08-09,0.004080
2016-08-10,0.004689
2016-08-11,-0.006923
2016-08-12,-0.002115
2016-08-15,0.003454
2016-08-16,0.004928
2016-08-17,0.000234
2016-08-18,0.004747
2016-08-19,-0.008830
2016-08-22,-0.001485
2016-08-23,-0.000156
2016-08-24,-0.011115
2016-08-25,-0.000871
2016-08-26,-0.001426
2016-08-29,0.001983
2016-08-30,-0.010055
2016-08-31,-0.002000
2016-09-01,0.004087
2016-09-02,0.010216
2016-09-06,0.016908
2016-09-07,-0.003419
2016-09-08,-0.005301
2016-09-09,-0.006584
2016-09-12,-0.001262
2016-09-13,-0.006636
2016-09-14,0.003419
2016-09-15,-0.006419
2016-09-16,-0.002473
2016-09-19,0.002079
2016-09-20,0.000958
2016-09-21,0.014589
2016-09-22,0.002357
2016-09-23,0.000627
2016-09-26,-0.000783
2016-09-27,-0.007291
2016-09-28,-0.003159
2016-09-29,-0.001188
2016-09-30,-0.003411
2016-10-03,-0.002547
2016-10-04,-0.034711
2016-10-05,-0.001571
2016-10-06,-0.009273
2016-10-07,0.000669
2016-10-10,0.003508
2016-10-11,-0.005077
2016-10-12,0.001589
2016-10-13,0.002422
2016-10-14,-0.005582
2016-10-17,0.002681
2016-10-18,0.006183
2016-10-19,0.005730
2016-10-20,-0.003055
2016-10-21,0.000745
2016-10-24,-0.002235
2016-10-25,0.007548
2016-10-26,-0.005598
2016-10-27,0.001821
2016-10-28,0.004710
2016-10-31,0.002961
2016-11-01,0.006479
2016-11-02,0.007415
2016-11-03,0.005338
2016-11-04,0.000724
2016-11-07,-0.018008
2016-11-08,-0.004175
2016-11-09,-0.000658
2016-11-10,-0.014890
2016-11-11,-0.022129
2016-11-14,-0.008454
2016-11-15,0.008699
2016-11-16,-0.002988
2016-11-17,-0.005138
2016-11-18,-0.008780
2016-11-21,0.003734
2016-11-22,-0.000346
2016-11-23,-0.019820
2016-11-25,-0.005651
2016-11-28,0.010567
2016-11-29,-0.004657
2016-11-30,-0.013419
2016-12-01,-0.001879
2016-12-02,0.005379
2016-12-05,-0.005350
2016-12-06,-0.000986
2016-12-07,0.003590
2016-12-08,-0.002325
2016-12-09,-0.010487
2016-12-12,0.003804
2016-12-13,-0.003339
2016-12-14,-0.014667
2016-12-15,-0.013691
2016-12-16,0.006615
2016-12-19,0.004998
2016-12-20,-0.007367
2016-12-21,0.000557
2016-12-22,-0.002411
2016-12-23,0.003160
2016-12-27,0.005837
2016-12-28,0.002763
2016-12-29,0.013136
2016-12-30,-0.006166
2017-01-03,0.007846
2017-01-04,0.003530
2017-01-05,0.015515
2017-01-06,-0.007373
2017-01-09,0.008233
2017-01-10,0.004260
2017-01-11,0.003093
2017-01-12,0.003612
2017-01-13,0.002634
2017-01-17,0.014360
2017-01-18,-0.008459
2017-01-19,-0.000871
2017-01-20,0.002440
2017-01-23,0.006432
2017-01-24,-0.004491
2017-01-25,-0.008241
2017-01-26,-0.009272
2017-01-27,0.002031
2017-01-30,0.004229
2017-01-31,0.013863
2017-02-01,-0.003029
2017-02-02,0.005556
2017-02-03,0.002503
2017-02-06,0.013519
2017-02-07,-0.002039
2017-02-08,0.006215
2017-02-09,-0.007615
2017-02-10,0.002643
2017-02-13,-0.006803
2017-02-14,0.001113
2017-02-15,0.004447
2017-02-16,0.005364
2017-02-17,-0.003388
2017-02-21,0.000595
2017-02-22,0.001359
2017-02-23,0.008735
2017-02-24,0.006390
2017-02-27,-0.004845
2017-02-28,0.000923
2017-03-01,-0.001426
2017-03-02,-0.012431
2017-03-03,-0.000595
2017-03-06,-0.006723
2017-03-07,-0.008053
2017-03-08,-0.006219
2017-03-09,-0.005128
2017-03-10,0.002184
2017-03-13,0.000174
2017-03-14,-0.005403
2017-03-15,0.018665
2017-03-16,0.004129
2017-03-17,0.002227
2017-03-20,0.004445
2017-03-21,0.008765
2017-03-22,0.002446
2017-03-23,-0.001346
2017-03-24,0.001601
2017-03-27,0.005637
2017-03-28,-0.004099
2017-03-29,0.002436
2017-03-30,-0.007207
2017-03-31,0.002110
2017-04-03,0.005307
2017-04-04,0.002262
2017-04-05,0.000000
2017-04-06,-0.003678
2017-04-07,0.002349
2017-04-10,0.000000
2017-04-11,0.014482
2017-04-12,0.006849
2017-04-13,0.004753
2017-04-17,-0.002936
2017-04-18,0.004745
2017-04-19,-0.008875
2017-04-20,0.001889
2017-04-21,0.002870
2017-04-24,-0.006786
2017-04-25,-0.010125
2017-04-26,0.004906
2017-04-27,-0.003724
2017-04-28,0.003156
2017-05-01,-0.009108
2017-05-02,-0.000167
2017-05-03,-0.013957
2017-05-04,-0.010086
2017-05-05,0.001884
2017-05-08,-0.002222
2017-05-09,-0.005996
2017-05-10,-0.000086
2017-05-11,0.003964
2017-05-12,0.002833
2017-05-15,0.002653
2017-05-16,0.004354
2017-05-17,0.018190
2017-05-18,-0.008181
2017-05-19,0.004966
2017-05-22,0.004188
2017-05-23,-0.006339
2017-05-24,0.003945
2017-05-25,-0.001087
2017-05-26,0.008872
2017-05-30,-0.003318
2017-05-31,0.003995
2017-06-01,0.000829
2017-06-02,0.007372
2017-06-05,0.000987
2017-06-06,0.011254
2017-06-07,-0.005280
2017-06-08,-0.006533
2017-06-09,-0.009125
2017-06-12,-0.001493
2017-06-13,0.000997
2017-06-14,-0.005478
2017-06-15,-0.004173
2017-06-16,0.000168
2017-06-19,-0.007625
2017-06-20,-0.002111
2017-06-21,0.002877
2017-06-22,0.003375
2017-06-23,0.004289
2017-06-26,-0.008959
2017-06-27,0.003802
2017-06-28,0.000758
2017-06-29,-0.004878
2017-06-30,-0.002536
2017-07-03,-0.016353
2017-07-05,0.003704
2017-07-06,-0.000429
2017-07-07,-0.010217
2017-07-10,0.001648
2017-07-11,0.001299
2017-07-12,0.003546
2017-07-13,-0.001810
2017-07-14,0.008202
2017-07-17,0.004453
2017-07-18,0.006991
2017-07-19,-0.000254
2017-07-20,0.001355
2017-07-21,0.008627
2017-07-24,0.000419
2017-07-25,-0.003269
2017-07-26,0.008073
2017-07-27,-0.000751
2017-07-28,0.007513
2017-07-31,0.000497
2017-08-01,-0.000828
2017-08-02,-0.002072
2017-08-03,0.001578
2017-08-04,-0.007795
2017-08-07,-0.001170
2017-08-08,0.002929
2017-08-09,0.012097
2017-08-10,0.007419
2017-08-11,0.004746
2017-08-14,-0.007085
2017-08-15,-0.007710
2017-08-16,0.007357
2017-08-17,0.005087
2017-08-18,-0.001551
2017-08-21,0.003761
2017-08-22,-0.004480
2017-08-23,0.003764
2017-08-24,-0.003098
2017-08-25,0.003680
2017-08-28,0.015887
2017-08-29,-0.002165
2017-08-30,-0.000482
2017-08-31,0.011740
2017-09-01,0.001907
2017-09-05,0.011106
2017-09-06,-0.005100
2017-09-07,0.010409
2017-09-08,-0.001249
2017-09-11,-0.013910
2017-09-12,0.002932
2017-09-13,-0.007506
2017-09-14,0.004379
2017-09-15,-0.004994
2017-09-18,-0.009320
2017-09-19,0.002091
2017-09-20,-0.008024
2017-09-21,-0.007604
2017-09-22,0.004565
2017-09-25,0.010467
2017-09-26,-0.011162
2017-09-27,-0.009420
2017-09-28,0.001886
2017-09-29,-0.005155
2017-10-02,-0.006662
2017-10-03,0.000497
2017-10-04,0.002814
2017-10-05,-0.005364
2017-10-06,0.004729
2017-10-09,0.008176
2017-10-10,0.002621
2017-10-11,0.003186
2017-10-12,0.000814
2017-10-13,0.007568
2017-10-16,-0.006865
2017-10-17,-0.006831
2017-10-18,-0.003766
2017-10-19,0.005918
2017-10-20,-0.006373
2017-10-23,0.001562
2017-10-24,-0.003859
2017-10-25,0.000165
2017-10-26,-0.008405
2017-10-27,0.004737
2017-10-30,0.001902
2017-10-31,-0.003798
2017-11-01,0.003646
2017-11-02,0.000661
2017-11-03,-0.004703
2017-11-06,0.008539
2017-11-07,-0.003617
2017-11-08,0.003465
2017-11-09,0.004111
2017-11-10,-0.008188
2017-11-13,0.001486
2017-11-14,0.002061
2017-11-15,-0.001234
2017-11-16,-0.000082
2017-11-17,0.012026
2017-11-20,-0.012616
2017-11-21,0.001649
2017-11-22,0.009217
2017-11-24,-0.002528
2017-11-27,0.004169
2017-11-28,-0.000163
2017-11-29,-0.006270
2017-11-30,-0.007702
2017-12-01,0.004046
2017-12-04,-0.003372
2017-12-05,-0.007097
2017-12-06,-0.002078
2017-12-07,-0.013159
2017-12-08,-0.000084
2017-12-11,-0.003967
2017-12-12,0.001186
2017-12-13,0.008633
2017-12-14,-0.002014
2017-12-15,0.002102
2017-12-18,0.004615
2017-12-19,0.000752
2017-12-20,0.002671
2017-12-21,0.001415
2017-12-22,0.005237
2017-12-26,0.006863
2017-12-27,0.003778
2017-12-28,0.005072
2017-12-29,0.006512
2018-01-02,0.012131
2018-01-03,-0.002637
2018-01-04,0.005127
2018-01-05,-0.001036
2018-01-08,-0.000160
2018-01-09,-0.004628
2018-01-10,0.002405
2018-01-11,0.003279
2018-01-12,0.012117
2018-01-16,0.001654
2018-01-17,-0.008099
2018-01-18,-0.002220
2018-01-19,0.004449
2018-01-22,0.001819
2018-01-23,0.004974
2018-01-24,0.012178
2018-01-25,-0.006675
2018-01-26,0.000781
2018-01-29,-0.005622
2018-01-30,-0.004319
2018-01-31,0.006703
2018-02-01,0.003290
2018-02-02,-0.013118
2018-02-05,0.002532
2018-02-06,-0.010496
2018-02-07,-0.004706
2018-02-08,0.001523
2018-02-09,-0.001680
2018-02-12,0.004809
2018-02-13,0.005663
2018-02-14,0.017053
2018-02-15,0.001170
2018-02-16,-0.003272
2018-02-20,-0.013442
2018-02-21,-0.004594
2018-02-22,0.005093
2018-02-23,-0.001267
2018-02-26,0.002458
2018-02-27,-0.010439
2018-02-28,-0.001039
2018-03-01,-0.002240
2018-03-02,0.005372
2018-03-05,-0.001675
2018-03-06,0.010784
2018-03-07,-0.006402
2018-03-08,-0.002386
2018-03-09,0.000957
2018-03-12,0.000000
2018-03-13,0.001912
2018-03-14,-0.000636
2018-03-15,-0.006364
2018-03-16,-0.002402
2018-03-19,0.002167
2018-03-20,-0.004485
2018-03-21,0.017456
2018-03-22,-0.003953
2018-03-23,0.012939
2018-03-26,0.005250
2018-03-27,-0.006158
2018-03-28,-0.013805
2018-03-29,0.000477
2018-04-02,0.011686
2018-04-03,-0.007544
2018-04-04,0.001188
2018-04-05,-0.005140
2018-04-06,0.004690
2018-04-09,0.003402
2018-04-10,0.002366
2018-04-11,0.007788
2018-04-12,-0.011631
2018-04-13,0.006555
2018-04-16,0.001412
2018-04-17,0.000940
2018-04-18,0.000783
2018-04-19,-0.001955
2018-04-20,-0.007602
2018-04-23,-0.007976
2018-04-24,0.004856
2018-04-25,-0.006496
2018-04-26,-0.003509
2018-04-27,0.004241
2018-04-30,-0.007251
2018-05-01,-0.007063
2018-05-02,-0.000485
2018-05-03,0.005095
2018-05-04,0.002092
2018-05-07,0.000241
2018-05-08,0.000161
2018-05-09,-0.002087
2018-05-10,0.006837
2018-05-11,-0.001438
2018-05-14,-0.004080
2018-05-15,-0.016146
2018-05-16,-0.001551
2018-05-17,0.000572
2018-05-18,0.000409
2018-05-21,0.000572
2018-05-22,-0.000572
2018-05-23,0.001062
2018-05-24,0.008569
2018-05-25,-0.003075
2018-05-29,-0.000162
2018-05-30,0.001461
2018-05-31,-0.002189
2018-06-01,-0.004955
2018-06-04,-0.000980
2018-06-05,0.003922
2018-06-06,0.000570
2018-06-07,-0.000488
2018-06-08,0.001221
2018-06-11,0.001788
2018-06-12,-0.003327
2018-06-13,0.003013
2018-06-14,0.001542
2018-06-15,-0.016534
2018-06-18,-0.001895
2018-06-19,-0.002560
2018-06-20,-0.004470
2018-06-21,-0.001746
2018-06-22,0.002416
2018-06-25,-0.003739
2018-06-26,-0.005255
2018-06-27,-0.005702
2018-06-28,-0.003036
2018-06-29,0.003637
2018-07-02,-0.010030
2018-07-03,0.010131
2018-07-05,0.003371
2018-07-06,-0.001596
2018-07-09,0.002440
2018-07-10,-0.001846
2018-07-11,-0.010847
2018-07-12,0.004165
2018-07-13,-0.004402
2018-07-16,-0.000510
2018-07-17,-0.010804
2018-07-18,0.000258
2018-07-19,-0.004299
2018-07-20,0.006476
2018-07-23,-0.004804
2018-07-24,0.000345
2018-07-25,0.005515
2018-07-26,-0.007799
2018-07-27,0.000518
2018-07-30,-0.001554
2018-07-31,0.002940
2018-08-01,-0.007328
2018-08-02,-0.005385
2018-08-03,0.003493
2018-08-06,-0.005134
2018-08-07,0.002274
2018-08-08,0.002793
2018-08-09,-0.001479
2018-08-10,-0.000436
2018-08-13,-0.015084
2018-08-14,0.000974
2018-08-15,-0.016627
2018-08-16,-0.000809
2018-08-17,0.009271
2018-08-20,0.004994
2018-08-21,0.002928
2018-08-22,0.002212
2018-08-23,-0.009446
2018-08-24,0.017469
2018-08-27,0.003767
2018-08-28,-0.007941
2018-08-29,0.004574
2018-08-30,-0.004904
2018-08-31,-0.001144
2018-09-04,-0.005110
2018-09-05,0.003453
2018-09-06,0.001941
2018-09-07,-0.002730
2018-09-10,-0.000707
2018-09-11,0.000619
2018-09-12,0.008391
2018-09-13,-0.003591
2018-09-14,-0.006505
2018-09-17,0.005220
2018-09-18,-0.001496
2018-09-19,0.003879
2018-09-20,0.003425
2018-09-21,-0.006826
2018-09-24,-0.000176
2018-09-25,0.001586
2018-09-26,-0.005279
2018-09-27,-0.008846
2018-09-28,0.006336
2018-10-01,-0.001685
2018-10-02,0.011548
2018-10-03,-0.003952
2018-10-04,0.000529
2018-10-05,0.002820
2018-10-08,-0.011072
2018-10-09,0.000533
2018-10-10,0.002487
2018-10-11,0.025691
2018-10-12,-0.004750
2018-10-15,0.006682
2018-10-16,-0.001724
2018-10-17,-0.000086
2018-10-18,0.001123
2018-10-19,0.000776
2018-10-22,-0.002586
2018-10-23,0.005877
2018-10-24,0.002320
2018-10-25,-0.002229
2018-10-26,0.003179
2018-10-29,-0.003939
2018-10-30,-0.004385
2018-10-31,-0.005613
2018-11-01,0.012853
2018-11-02,0.000172
2018-11-05,-0.002400
2018-11-06,-0.002836
2018-11-07,-0.000086
2018-11-08,-0.002155
2018-11-09,-0.011228
2018-11-12,-0.007163
2018-11-13,0.000352
2018-11-14,0.008267
2018-11-15,0.001134
2018-11-16,0.007406
2018-11-19,0.000432
2018-11-20,0.000000
2018-11-21,0.001643
2018-11-23,-0.000777
2018-11-26,-0.001123
2018-11-27,-0.005967
2018-11-28,0.003741
2018-11-29,0.003120
2018-11-30,-0.001728
2018-12-03,0.007530
2018-12-04,0.006099
2018-12-06,0.000171
2018-12-07,0.008110
2018-12-10,-0.003472
2018-12-11,-0.001190
2018-12-12,0.002127
2018-12-13,-0.002207
2018-12-14,-0.003999
2018-12-17,0.006920
2018-12-18,0.002375
2018-12-19,-0.006094
2018-12-20,0.015413
2018-12-21,-0.004361
2018-12-24,0.010950
2018-12-26,-0.002999
2018-12-27,0.007605
2018-12-28,0.004064
2018-12-31,0.001569
2019-01-02,0.000660
2019-01-03,0.009066
2019-01-04,-0.008086
2019-01-07,0.003458
2019-01-08,-0.002708
2019-01-09,0.006418
2019-01-10,-0.005887
2019-01-11,0.001727
2019-01-14,0.002381
2019-01-15,-0.001720
2019-01-16,0.003200
2019-01-17,-0.001309
2019-01-18,-0.008926
2019-01-22,0.003553
2019-01-23,-0.001400
2019-01-24,-0.001567
2019-01-25,0.014617
2019-01-28,0.003500
2019-01-29,0.005597
2019-01-30,0.005727
2019-01-31,0.000481
2019-02-01,-0.002004
2019-02-04,-0.004337
2019-02-05,0.002581
2019-02-06,-0.006759
2019-02-07,0.002430
2019-02-08,0.003798
2019-02-11,-0.004911
2019-02-12,0.002104
2019-02-13,-0.003956
2019-02-14,0.005593
2019-02-15,0.005965
2019-02-19,0.015224
2019-02-20,-0.001736
2019-02-21,-0.011306
2019-02-22,0.003599
2019-02-25,-0.001036
2019-02-26,0.001675
2019-02-27,-0.007087
2019-02-28,-0.005614
2019-03-01,-0.017018
2019-03-04,-0.002626
2019-03-05,0.001316
2019-03-06,-0.000904
2019-03-07,-0.000822
2019-03-08,0.010946
2019-03-11,-0.004884
2019-03-12,0.006054
2019-03-13,0.006993
2019-03-14,-0.011547
2019-03-15,0.004575
2019-03-18,0.000569
2019-03-19,0.002763
2019-03-20,0.006484
2019-03-21,-0.004026
2019-03-22,0.002345
2019-03-25,0.007663
2019-03-26,-0.004963
2019-03-27,-0.005229
2019-03-28,-0.014153
2019-03-29,0.000902
2019-04-01,-0.003934
2019-04-02,0.003703
2019-04-03,-0.001476
2019-04-04,0.002545
2019-04-05,-0.001065
2019-04-08,0.004345
2019-04-09,0.005224
2019-04-10,0.003086
2019-04-11,-0.012790
2019-04-12,-0.000984
2019-04-15,-0.001888
2019-04-16,-0.008964
2019-04-17,-0.001909
2019-04-18,0.000748
2019-04-22,0.000000
2019-04-23,-0.002077
2019-04-24,0.002914
2019-04-25,0.000830
2019-04-26,0.006635
2019-04-29,-0.004449
2019-04-30,0.003062
2019-05-01,-0.006601
2019-05-02,-0.003821
2019-05-03,0.005920
2019-05-06,0.001326
2019-05-07,0.003311
2019-05-08,-0.002475
2019-05-09,0.002398
2019-05-10,0.001898
2019-05-13,0.010212
2019-05-14,-0.001712
2019-05-15,-0.000572
2019-05-16,-0.007190
2019-05-17,-0.007078
2019-05-20,-0.000083
2019-05-21,-0.002321
2019-05-22,-0.000997
2019-05-23,0.007735
2019-05-24,0.001073
2019-05-28,-0.003875
2019-05-29,0.000331
2019-05-30,0.006784
2019-05-31,0.013477
2019-06-03,0.014433
2019-06-04,0.000320
2019-06-05,0.002557
2019-06-06,0.003268
2019-06-07,0.005640
2019-06-10,-0.009953
2019-06-11,-0.001197
2019-06-12,0.005193
2019-06-13,0.006119
2019-06-14,-0.000316
2019-06-17,-0.000632
2019-06-18,0.005060
2019-06-19,0.006057
2019-06-20,0.025178
2019-06-21,0.006636
2019-06-24,0.014851
2019-06-25,0.001941
2019-06-26,-0.009165
2019-06-27,-0.000978
2019-06-28,0.002710
2019-07-01,-0.019369
2019-07-02,0.021360
2019-07-03,0.001649
2019-07-05,-0.011150
2019-07-08,-0.006433
2019-07-09,0.003504
2019-07-10,0.015787
2019-07-11,-0.008444
2019-07-12,0.006255
2019-07-15,0.000000
2019-07-16,-0.008463
2019-07-17,0.016465
2019-07-18,0.014118
2019-07-19,-0.014727
2019-07-22,-0.000149
2019-07-23,-0.005653
2019-07-24,0.005086
2019-07-25,-0.007070
2019-07-26,0.001649
2019-07-29,0.006660
2019-07-30,0.003345
2019-07-31,-0.013113
2019-08-01,0.024022
2019-08-02,-0.003812
2019-08-05,0.013982
2019-08-06,0.008128
2019-08-07,0.015190
2019-08-08,0.005035
2019-08-09,-0.003316
2019-08-12,0.009698
2019-08-13,-0.005960
2019-08-14,0.006842
2019-08-15,0.006655
2019-08-16,-0.006402
2019-08-19,-0.011696
2019-08-20,0.007795
2019-08-21,-0.003164
2019-08-22,-0.002540
2019-08-23,0.019590
2019-08-26,0.000139
2019-08-27,0.009571
2019-08-28,-0.002817
2019-08-29,-0.007165
2019-08-30,-0.002567
2019-09-03,0.013913
2019-09-04,0.006244
2019-09-05,-0.024001
2019-09-06,-0.008523
2019-09-09,-0.003734
2019-09-10,-0.008558
2019-09-11,0.006064
2019-09-12,0.002056
2019-09-13,-0.008279
2019-09-16,0.008348
2019-09-17,0.001981
2019-09-18,-0.006285
2019-09-19,0.004051
2019-09-20,0.011820
2019-09-23,0.005596
2019-09-24,0.005287
2019-09-25,-0.018545
2019-09-26,-0.000282
2019-09-27,-0.005148
2019-09-30,-0.015525
2019-10-01,0.005473
2019-10-02,0.011674
2019-10-03,0.004531
2019-10-04,0.000000
2019-10-07,-0.008527
2019-10-08,0.008743
